Duration,PowerOriginal,HeartRate,Cadence
1,890.0,111.0,85
1,880.0,112.0,85
1,870.0,113.0,85
1,860.0,114.0,85
1,850.0,115.0,85
1,840.0,116.0,85
1,830.0,117.0,85
1,820.0,118.0,85
1,810.0,119.0,85
1,800.0,120.0,85
1,794.0,120.4,85
1,788.0,120.8,85
1,782.0,121.2,85
1,776.0,121.6,85
1,770.0,122.0,85
1,764.0,122.4,85
1,758.0,122.8,85
1,752.0,123.2,85
1,746.0,123.6,85
1,740.0,124.0,85
1,734.0,124.4,85
1,728.0,124.8,85
1,722.0,125.2,85
1,716.0,125.6,85
1,710.0,126.0,86
1,704.0,126.4,86
1,698.0,126.8,86
1,692.0,127.2,86
1,686.0,127.6,86
1,680.0,128.0,86
1,674.0,128.4,86
1,668.0,128.8,86
1,662.0,129.2,86
1,656.0,129.6,86
1,650.0,130.0,86
1,644.0,130.4,86
1,638.0,130.8,86
1,632.0,131.2,86
1,626.0,131.6,86
1,620.0,132.0,86
1,614.0,132.4,86
1,608.0,132.8,86
1,602.0,133.2,86
1,596.0,133.6,86
1,590.0,134.0,86
1,584.0,134.4,86
1,578.0,134.8,86
1,572.0,135.2,86
1,566.0,135.6,86
1,560.0,136.0,87
1,554.0,136.4,87
1,548.0,136.8,87
1,542.0,137.2,87
1,536.0,137.6,87
1,530.0,138.0,87
1,524.0,138.4,87
1,518.0,138.8,87
1,512.0,139.2,87
1,506.0,139.6,87
1,500.0,140.0,87
1,449.6,145.0,87
1,449.2,145.1,87
1,448.8,145.1,87
1,448.4,145.1,87
1,448.0,145.2,87
1,447.6,145.2,87
1,447.2,145.2,87
1,446.8,145.2,87
1,446.4,145.3,87
1,446.0,145.3,87
1,445.6,145.3,87
1,445.2,145.4,87
1,444.8,145.4,87
1,444.4,145.4,87
1,444.0,145.4,87
1,443.6,145.5,87
1,443.2,145.5,87
1,442.8,145.5,88
1,442.4,145.6,88
1,442.0,145.6,88
1,441.6,145.6,88
1,441.2,145.7,88
1,440.8,145.7,88
1,440.4,145.7,88
1,440.0,145.8,88
1,439.6,145.8,88
1,439.2,145.8,88
1,438.8,145.8,88
1,438.4,145.9,88
1,438.0,145.9,88
1,437.6,145.9,88
1,437.2,146.0,88
1,436.8,146.0,88
1,436.4,146.0,88
1,436.0,146.1,88
1,435.6,146.1,88
1,435.2,146.1,88
1,434.8,146.1,88
1,434.4,146.2,88
1,434.0,146.2,88
1,433.6,146.2,88
1,433.2,146.3,88
1,432.8,146.3,88
1,432.4,146.3,88
1,432.0,146.3,88
1,431.6,146.4,88
1,431.2,146.4,88
1,430.8,146.4,88
1,430.4,146.5,88
1,430.0,146.5,88
1,429.6,146.5,88
1,429.2,146.6,89
1,428.8,146.6,89
1,428.4,146.6,89
1,428.0,146.7,89
1,427.6,146.7,89
1,427.2,146.7,89
1,426.8,146.7,89
1,426.4,146.8,89
1,426.0,146.8,89
1,425.6,146.8,89
1,425.2,146.9,89
1,424.8,146.9,89
1,424.4,146.9,89
1,424.0,146.9,89
1,423.6,147.0,89
1,423.2,147.0,89
1,422.8,147.0,89
1,422.4,147.1,89
1,422.0,147.1,89
1,421.6,147.1,89
1,421.2,147.2,89
1,420.8,147.2,89
1,420.4,147.2,89
1,420.0,147.2,89
1,419.6,147.3,89
1,419.2,147.3,89
1,418.8,147.3,89
1,418.4,147.4,89
1,418.0,147.4,89
1,417.6,147.4,89
1,417.2,147.5,89
1,416.8,147.5,89
1,416.4,147.5,89
1,416.0,147.6,89
1,415.6,147.6,89
1,415.2,147.6,89
1,414.8,147.6,89
1,414.4,147.7,89
1,414.0,147.7,89
1,413.6,147.7,89
1,413.2,147.8,89
1,412.8,147.8,89
1,412.4,147.8,89
1,412.0,147.8,89
1,411.6,147.9,89
1,411.2,147.9,89
1,410.8,147.9,89
1,410.4,148.0,89
1,410.0,148.0,89
1,409.6,148.0,89
1,409.2,148.1,89
1,408.8,148.1,89
1,408.4,148.1,89
1,408.0,148.2,89
1,407.6,148.2,89
1,407.2,148.2,89
1,406.8,148.2,89
1,406.4,148.3,89
1,406.0,148.3,89
1,405.6,148.3,89
1,405.2,148.4,89
1,404.8,148.4,89
1,404.4,148.4,89
1,404.0,148.4,89
1,403.6,148.5,89
1,403.2,148.5,89
1,402.8,148.5,89
1,402.4,148.6,89
1,402.0,148.6,89
1,401.6,148.6,89
1,401.2,148.7,89
1,400.8,148.7,89
1,400.4,148.7,89
1,400.0,148.8,89
1,399.6,148.8,89
1,399.2,148.8,89
1,398.8,148.8,89
1,398.4,148.9,89
1,398.0,148.9,89
1,397.6,148.9,89
1,397.2,149.0,89
1,396.8,149.0,89
1,396.4,149.0,89
1,396.0,149.1,89
1,395.6,149.1,89
1,395.2,149.1,89
1,394.8,149.1,89
1,394.4,149.2,89
1,394.0,149.2,89
1,393.6,149.2,89
1,393.2,149.3,89
1,392.8,149.3,89
1,392.4,149.3,89
1,392.0,149.3,89
1,391.6,149.4,89
1,391.2,149.4,89
1,390.8,149.4,89
1,390.4,149.5,89
1,390.0,149.5,89
1,389.6,149.5,89
1,389.2,149.6,89
1,388.8,149.6,89
1,388.4,149.6,89
1,388.0,149.7,89
1,387.6,149.7,89
1,387.2,149.7,89
1,386.8,149.7,89
1,386.4,149.8,89
1,386.0,149.8,89
1,385.6,149.8,89
1,385.2,149.9,89
1,384.8,149.9,89
1,384.4,149.9,89
1,384.0,149.9,89
1,383.6,150.0,89
1,383.2,150.0,89
1,382.8,150.0,89
1,382.4,150.1,89
1,382.0,150.1,89
1,381.6,150.1,89
1,381.2,150.2,89
1,380.8,150.2,89
1,380.4,150.2,89
1,380.0,150.2,89
1,379.6,150.3,89
1,379.2,150.3,89
1,378.8,150.3,89
1,378.4,150.4,89
1,378.0,150.4,89
1,377.6,150.4,89
1,377.2,150.5,89
1,376.8,150.5,89
1,376.4,150.5,89
1,376.0,150.6,89
1,375.6,150.6,89
1,375.2,150.6,89
1,374.8,150.6,89
1,374.4,150.7,89
1,374.0,150.7,89
1,373.6,150.7,89
1,373.2,150.8,89
1,372.8,150.8,89
1,372.4,150.8,89
1,372.0,150.8,89
1,371.6,150.9,89
1,371.2,150.9,89
1,370.8,150.9,89
1,370.4,151.0,89
1,370.0,151.0,89
1,369.6,151.0,89
1,369.2,151.1,89
1,368.8,151.1,89
1,368.4,151.1,89
1,368.0,151.2,89
1,367.6,151.2,88
1,367.2,151.2,88
1,366.8,151.2,88
1,366.4,151.3,88
1,366.0,151.3,88
1,365.6,151.3,88
1,365.2,151.4,88
1,364.8,151.4,88
1,364.4,151.4,88
1,364.0,151.4,88
1,363.6,151.5,88
1,363.2,151.5,88
1,362.8,151.5,88
1,362.4,151.6,88
1,362.0,151.6,88
1,361.6,151.6,88
1,361.2,151.7,88
1,360.8,151.7,88
1,360.4,151.7,88
1,360.0,151.8,88
1,359.6,151.8,88
1,359.2,151.8,88
1,358.8,151.8,88
1,358.4,151.9,88
1,358.0,151.9,88
1,357.6,151.9,88
1,357.2,152.0,88
1,356.8,152.0,88
1,356.4,152.0,88
1,356.0,152.1,88
1,355.6,152.1,88
1,355.2,152.1,88
1,354.8,152.1,88
1,354.4,152.2,88
1,354.0,152.2,87
1,320.0,155.0,87
1,319.9,155.0,87
1,319.9,155.0,87
1,319.9,155.0,87
1,319.9,155.1,87
1,319.8,155.1,87
1,319.8,155.1,87
1,319.8,155.1,87
1,319.7,155.1,87
1,319.7,155.1,87
1,319.7,155.1,87
1,319.6,155.1,87
1,319.6,155.1,87
1,319.6,155.1,87
1,319.6,155.2,87
1,319.5,155.2,87
1,319.5,155.2,87
1,319.5,155.2,87
1,319.4,155.2,87
1,319.4,155.2,87
1,319.4,155.2,87
1,319.3,155.2,87
1,319.3,155.2,87
1,319.3,155.2,87
1,319.2,155.2,87
1,319.2,155.3,87
1,319.2,155.3,87
1,319.2,155.3,86
1,319.1,155.3,86
1,319.1,155.3,86
1,319.1,155.3,86
1,319.0,155.3,86
1,319.0,155.3,86
1,319.0,155.3,86
1,318.9,155.3,86
1,318.9,155.4,86
1,318.9,155.4,86
1,318.9,155.4,86
1,318.8,155.4,86
1,318.8,155.4,86
1,318.8,155.4,86
1,318.7,155.4,86
1,318.7,155.4,86
1,318.7,155.4,86
1,318.6,155.4,86
1,318.6,155.5,86
1,318.6,155.5,86
1,318.6,155.5,86
1,318.5,155.5,86
1,318.5,155.5,86
1,318.5,155.5,86
1,318.4,155.5,86
1,318.4,155.5,85
1,318.4,155.5,85
1,318.4,155.6,85
1,318.3,155.6,85
1,318.3,155.6,85
1,318.3,155.6,85
1,318.2,155.6,85
1,318.2,155.6,85
1,318.2,155.6,85
1,318.1,155.6,85
1,318.1,155.6,85
1,318.1,155.6,85
1,318.1,155.7,85
1,318.0,155.7,85
1,318.0,155.7,85
1,318.0,155.7,85
1,317.9,155.7,85
1,317.9,155.7,85
1,317.9,155.7,85
1,317.8,155.7,85
1,317.8,155.7,85
1,317.8,155.7,85
1,317.8,155.8,85
1,317.7,155.8,85
1,317.7,155.8,84
1,317.7,155.8,84
1,317.6,155.8,84
1,317.6,155.8,84
1,317.6,155.8,84
1,317.5,155.8,84
1,317.5,155.8,84
1,317.5,155.8,84
1,317.4,155.8,84
1,317.4,155.9,84
1,317.4,155.9,84
1,317.4,155.9,84
1,317.3,155.9,84
1,317.3,155.9,84
1,317.3,155.9,84
1,317.2,155.9,84
1,317.2,155.9,84
1,317.2,155.9,84
1,317.1,155.9,84
1,317.1,156.0,84
1,317.1,156.0,84
1,317.1,156.0,84
1,317.0,156.0,84
1,317.0,156.0,84
1,317.0,156.0,84
1,316.9,156.0,83
1,316.9,156.0,83
1,316.9,156.0,83
1,316.9,156.1,83
1,316.8,156.1,83
1,316.8,156.1,83
1,316.8,156.1,83
1,316.7,156.1,83
1,316.7,156.1,83
1,316.7,156.1,83
1,316.6,156.1,83
1,316.6,156.1,83
1,316.6,156.1,83
1,316.6,156.2,83
1,316.5,156.2,83
1,316.5,156.2,83
1,316.5,156.2,83
1,316.4,156.2,83
1,316.4,156.2,83
1,316.4,156.2,83
1,316.3,156.2,83
1,316.3,156.2,83
1,316.3,156.2,83
1,316.2,156.2,83
1,316.2,156.3,83
1,316.2,156.3,82
1,316.2,156.3,82
1,316.1,156.3,82
1,316.1,156.3,82
1,316.1,156.3,82
1,316.0,156.3,82
1,316.0,156.3,82
1,316.0,156.3,82
1,315.9,156.3,82
1,315.9,156.4,82
1,315.9,156.4,82
1,315.9,156.4,82
1,315.8,156.4,82
1,315.8,156.4,82
1,315.8,156.4,82
1,315.7,156.4,82
1,315.7,156.4,82
1,315.7,156.4,82
1,315.6,156.4,82
1,315.6,156.5,82
1,315.6,156.5,82
1,315.6,156.5,82
1,315.5,156.5,82
1,315.5,156.5,82
1,315.5,156.5,82
1,315.4,156.5,82
1,315.4,156.5,82
1,315.4,156.5,82
1,315.4,156.6,81
1,315.3,156.6,81
1,315.3,156.6,81
1,315.3,156.6,81
1,315.2,156.6,81
1,315.2,156.6,81
1,315.2,156.6,81
1,315.1,156.6,81
1,315.1,156.6,81
1,315.1,156.6,81
1,315.1,156.7,81
1,315.0,156.7,81
1,315.0,156.7,81
1,315.0,156.7,81
1,314.9,156.7,81
1,314.9,156.7,81
1,314.9,156.7,81
1,314.8,156.7,81
1,314.8,156.7,81
1,314.8,156.7,81
1,314.8,156.8,81
1,314.7,156.8,81
1,314.7,156.8,81
1,314.7,156.8,81
1,314.6,156.8,81
1,314.6,156.8,81
1,314.6,156.8,81
1,314.5,156.8,81
1,314.5,156.8,81
1,314.5,156.8,81
1,314.4,156.8,81
1,314.4,156.9,81
1,314.4,156.9,81
1,314.4,156.9,81
1,314.3,156.9,80
1,314.3,156.9,80
1,314.3,156.9,80
1,314.2,156.9,80
1,314.2,156.9,80
1,314.2,156.9,80
1,314.1,156.9,80
1,314.1,157.0,80
1,314.1,157.0,80
1,314.1,157.0,80
1,314.0,157.0,80
1,314.0,157.0,80
1,314.0,157.0,80
1,313.9,157.0,80
1,313.9,157.0,80
1,313.9,157.0,80
1,313.9,157.1,80
1,313.8,157.1,80
1,313.8,157.1,80
1,313.8,157.1,80
1,313.7,157.1,80
1,313.7,157.1,80
1,313.7,157.1,80
1,313.6,157.1,80
1,313.6,157.1,80
1,313.6,157.1,80
1,313.6,157.2,80
1,313.5,157.2,80
1,313.5,157.2,80
1,313.5,157.2,80
1,313.4,157.2,80
1,313.4,157.2,80
1,313.4,157.2,80
1,313.3,157.2,80
1,313.3,157.2,80
1,313.3,157.2,80
1,313.2,157.2,80
1,313.2,157.3,80
1,313.2,157.3,80
1,313.2,157.3,80
1,313.1,157.3,80
1,313.1,157.3,80
1,313.1,157.3,80
1,313.0,157.3,80
1,313.0,157.3,80
1,313.0,157.3,80
1,312.9,157.3,80
1,312.9,157.4,80
1,312.9,157.4,80
1,312.9,157.4,80
1,312.8,157.4,80
1,312.8,157.4,80
1,312.8,157.4,80
1,312.7,157.4,80
1,312.7,157.4,80
1,312.7,157.4,80
1,312.6,157.4,80
1,312.6,157.5,80
1,312.6,157.5,80
1,312.6,157.5,80
1,312.5,157.5,80
1,312.5,157.5,80
1,312.5,157.5,80
1,312.4,157.5,80
1,312.4,157.5,80
1,312.4,157.5,80
1,312.4,157.6,80
1,312.3,157.6,80
1,312.3,157.6,80
1,312.3,157.6,80
1,312.2,157.6,80
1,312.2,157.6,80
1,312.2,157.6,80
1,312.1,157.6,80
1,312.1,157.6,80
1,312.1,157.6,80
1,312.1,157.7,80
1,312.0,157.7,80
1,312.0,157.7,80
1,312.0,157.7,80
1,311.9,157.7,80
1,311.9,157.7,80
1,311.9,157.7,80
1,311.8,157.7,80
1,311.8,157.7,80
1,311.8,157.7,80
1,311.8,157.8,80
1,311.7,157.8,80
1,311.7,157.8,80
1,311.7,157.8,80
1,311.6,157.8,80
1,311.6,157.8,80
1,311.6,157.8,80
1,311.5,157.8,80
1,311.5,157.8,80
1,311.5,157.8,80
1,311.4,157.8,80
1,311.4,157.9,80
1,311.4,157.9,80
1,311.4,157.9,80
1,311.3,157.9,80
1,311.3,157.9,80
1,311.3,157.9,80
1,311.2,157.9,80
1,311.2,157.9,80
1,311.2,157.9,80
1,311.1,157.9,80
1,311.1,158.0,80
1,311.1,158.0,80
1,311.1,158.0,80
1,311.0,158.0,80
1,311.0,158.0,80
1,311.0,158.0,80
1,310.9,158.0,80
1,310.9,158.0,80
1,310.9,158.0,80
1,310.9,158.1,80
1,310.8,158.1,80
1,310.8,158.1,80
1,310.8,158.1,80
1,310.7,158.1,80
1,310.7,158.1,80
1,310.7,158.1,80
1,310.6,158.1,80
1,310.6,158.1,80
1,310.6,158.1,80
1,310.6,158.2,80
1,310.5,158.2,80
1,310.5,158.2,80
1,310.5,158.2,80
1,310.4,158.2,80
1,310.4,158.2,80
1,310.4,158.2,80
1,310.3,158.2,80
1,310.3,158.2,80
1,310.3,158.2,80
1,310.2,158.2,80
1,310.2,158.3,80
1,310.2,158.3,80
1,310.2,158.3,80
1,310.1,158.3,80
1,310.1,158.3,80
1,310.1,158.3,80
1,310.0,158.3,80
1,310.0,158.3,80
1,310.0,158.3,80
1,309.9,158.3,80
1,309.9,158.4,80
1,309.9,158.4,80
1,309.9,158.4,80
1,309.8,158.4,80
1,309.8,158.4,80
1,309.8,158.4,80
1,309.7,158.4,80
1,309.7,158.4,81
1,309.7,158.4,81
1,309.6,158.4,81
1,309.6,158.5,81
1,309.6,158.5,81
1,309.6,158.5,81
1,309.5,158.5,81
1,309.5,158.5,81
1,309.5,158.5,81
1,309.4,158.5,81
1,309.4,158.5,81
1,309.4,158.5,81
1,309.4,158.6,81
1,309.3,158.6,81
1,309.3,158.6,81
1,309.3,158.6,81
1,309.2,158.6,81
1,309.2,158.6,81
1,309.2,158.6,81
1,309.1,158.6,81
1,309.1,158.6,81
1,309.1,158.6,81
1,309.1,158.7,81
1,309.0,158.7,81
1,309.0,158.7,81
1,309.0,158.7,81
1,308.9,158.7,81
1,308.9,158.7,81
1,308.9,158.7,81
1,308.8,158.7,81
1,308.8,158.7,81
1,308.8,158.7,81
1,308.8,158.8,81
1,308.7,158.8,81
1,308.7,158.8,82
1,308.7,158.8,82
1,308.6,158.8,82
1,308.6,158.8,82
1,308.6,158.8,82
1,308.5,158.8,82
1,308.5,158.8,82
1,308.5,158.8,82
1,308.4,158.8,82
1,308.4,158.9,82
1,308.4,158.9,82
1,308.4,158.9,82
1,308.3,158.9,82
1,308.3,158.9,82
1,308.3,158.9,82
1,308.2,158.9,82
1,308.2,158.9,82
1,308.2,158.9,82
1,308.1,158.9,82
1,308.1,159.0,82
1,308.1,159.0,82
1,308.1,159.0,82
1,308.0,159.0,82
1,308.0,159.0,82
1,308.0,159.0,82
1,307.9,159.0,82
1,307.9,159.0,82
1,307.9,159.0,82
1,307.9,159.1,83
1,307.8,159.1,83
1,307.8,159.1,83
1,307.8,159.1,83
1,307.7,159.1,83
1,307.7,159.1,83
1,307.7,159.1,83
1,307.6,159.1,83
1,307.6,159.1,83
1,307.6,159.1,83
1,307.6,159.2,83
1,307.5,159.2,83
1,307.5,159.2,83
1,307.5,159.2,83
1,307.4,159.2,83
1,307.4,159.2,83
1,307.4,159.2,83
1,307.3,159.2,83
1,307.3,159.2,83
1,307.3,159.2,83
1,307.2,159.2,83
1,307.2,159.3,83
1,307.2,159.3,83
1,307.2,159.3,83
1,307.1,159.3,83
1,307.1,159.3,84
1,307.1,159.3,84
1,307.0,159.3,84
1,307.0,159.3,84
1,307.0,159.3,84
1,306.9,159.3,84
1,306.9,159.4,84
1,306.9,159.4,84
1,306.9,159.4,84
1,306.8,159.4,84
1,306.8,159.4,84
1,306.8,159.4,84
1,306.7,159.4,84
1,306.7,159.4,84
1,306.7,159.4,84
1,306.6,159.4,84
1,306.6,159.5,84
1,306.6,159.5,84
1,306.6,159.5,84
1,306.5,159.5,84
1,306.5,159.5,84
1,306.5,159.5,84
1,306.4,159.5,84
1,306.4,159.5,84
1,306.4,159.5,85
1,306.4,159.6,85
1,306.3,159.6,85
1,306.3,159.6,85
1,306.3,159.6,85
1,306.2,159.6,85
1,306.2,159.6,85
1,306.2,159.6,85
1,306.1,159.6,85
1,306.1,159.6,85
1,306.1,159.6,85
1,306.1,159.7,85
1,306.0,159.7,85
1,306.0,159.7,85
1,306.0,159.7,85
1,305.9,159.7,85
1,305.9,159.7,85
1,305.9,159.7,85
1,305.8,159.7,85
1,305.8,159.7,85
1,305.8,159.7,85
1,305.8,159.8,85
1,305.7,159.8,85
1,305.7,159.8,85
1,305.7,159.8,85
1,305.6,159.8,86
1,305.6,159.8,86
1,305.6,159.8,86
1,305.5,159.8,86
1,305.5,159.8,86
1,305.5,159.8,86
1,305.4,159.8,86
1,305.4,159.9,86
1,305.4,159.9,86
1,305.4,159.9,86
1,305.3,159.9,86
1,305.3,159.9,86
1,305.3,159.9,86
1,305.2,159.9,86
1,305.2,159.9,86
1,305.2,159.9,86
1,305.1,159.9,86
1,305.1,160.0,86
1,305.1,160.0,86
1,305.1,160.0,86
1,305.0,160.0,86
1,305.0,160.0,86
1,305.0,160.0,86
1,304.9,160.0,86
1,304.9,160.0,86
1,304.9,160.0,87
1,304.9,160.1,87
1,304.8,160.1,87
1,304.8,160.1,87
1,304.8,160.1,87
1,304.7,160.1,87
1,304.7,160.1,87
1,304.7,160.1,87
1,304.6,160.1,87
1,304.6,160.1,87
1,304.6,160.1,87
1,304.6,160.2,87
1,304.5,160.2,87
1,304.5,160.2,87
1,304.5,160.2,87
1,304.4,160.2,87
1,304.4,160.2,87
1,304.4,160.2,87
1,304.3,160.2,87
1,304.3,160.2,87
1,304.3,160.2,87
1,304.2,160.2,87
1,304.2,160.3,87
1,304.2,160.3,87
1,304.2,160.3,87
1,304.1,160.3,87
1,304.1,160.3,87
1,304.1,160.3,87
1,304.0,160.3,88
1,304.0,160.3,88
1,304.0,160.3,88
1,303.9,160.3,88
1,303.9,160.4,88
1,303.9,160.4,88
1,303.9,160.4,88
1,303.8,160.4,88
1,303.8,160.4,88
1,303.8,160.4,88
1,303.7,160.4,88
1,303.7,160.4,88
1,303.7,160.4,88
1,303.6,160.4,88
1,303.6,160.5,88
1,303.6,160.5,88
1,303.6,160.5,88
1,303.5,160.5,88
1,303.5,160.5,88
1,303.5,160.5,88
1,303.4,160.5,88
1,303.4,160.5,88
1,303.4,160.5,88
1,303.4,160.6,88
1,303.3,160.6,88
1,303.3,160.6,88
1,303.3,160.6,88
1,303.2,160.6,88
1,303.2,160.6,88
1,303.2,160.6,88
1,303.1,160.6,88
1,303.1,160.6,88
1,303.1,160.6,88
1,303.1,160.7,88
1,303.0,160.7,89
1,303.0,160.7,89
1,303.0,160.7,89
1,302.9,160.7,89
1,302.9,160.7,89
1,302.9,160.7,89
1,302.8,160.7,89
1,302.8,160.7,89
1,302.8,160.7,89
1,302.8,160.8,89
1,302.7,160.8,89
1,302.7,160.8,89
1,302.7,160.8,89
1,302.6,160.8,89
1,302.6,160.8,89
1,302.6,160.8,89
1,302.5,160.8,89
1,302.5,160.8,89
1,302.5,160.8,89
1,302.4,160.8,89
1,302.4,160.9,89
1,302.4,160.9,89
1,302.4,160.9,89
1,302.3,160.9,89
1,302.3,160.9,89
1,302.3,160.9,89
1,302.2,160.9,89
1,302.2,160.9,89
1,302.2,160.9,89
1,302.1,160.9,89
1,302.1,161.0,89
1,302.1,161.0,89
1,302.1,161.0,89
1,302.0,161.0,89
1,302.0,161.0,89
1,302.0,161.0,89
1,301.9,161.0,89
1,301.9,161.0,89
1,301.9,161.0,89
1,301.9,161.1,89
1,301.8,161.1,89
1,301.8,161.1,89
1,301.8,161.1,89
1,301.7,161.1,89
1,301.7,161.1,89
1,301.7,161.1,89
1,301.6,161.1,89
1,301.6,161.1,89
1,301.6,161.1,89
1,301.6,161.2,89
1,301.5,161.2,89
1,301.5,161.2,89
1,301.5,161.2,89
1,301.4,161.2,89
1,301.4,161.2,89
1,301.4,161.2,89
1,301.3,161.2,89
1,301.3,161.2,89
1,301.3,161.2,89
1,301.2,161.2,89
1,301.2,161.3,89
1,301.2,161.3,89
1,301.2,161.3,89
1,301.1,161.3,89
1,301.1,161.3,89
1,301.1,161.3,89
1,301.0,161.3,89
1,301.0,161.3,89
1,301.0,161.3,89
1,300.9,161.3,89
1,300.9,161.4,89
1,300.9,161.4,89
1,300.9,161.4,89
1,300.8,161.4,89
1,300.8,161.4,89
1,300.8,161.4,89
1,300.7,161.4,89
1,300.7,161.4,89
1,300.7,161.4,89
1,300.6,161.4,89
1,300.6,161.5,89
1,300.6,161.5,89
1,300.6,161.5,89
1,300.5,161.5,89
1,300.5,161.5,89
1,300.5,161.5,89
1,300.4,161.5,89
1,300.4,161.5,89
1,300.4,161.5,89
1,300.4,161.6,89
1,300.3,161.6,89
1,300.3,161.6,89
1,300.3,161.6,89
1,300.2,161.6,89
1,300.2,161.6,89
1,300.2,161.6,89
1,300.1,161.6,89
1,300.1,161.6,89
1,300.1,161.6,89
1,300.1,161.7,89
1,300.0,161.7,89
1,300.0,161.7,89
1,300.0,161.7,89
1,299.9,161.7,89
1,299.9,161.7,89
1,299.9,161.7,89
1,299.8,161.7,89
1,299.8,161.7,89
1,299.8,161.7,89
1,299.8,161.8,89
1,299.7,161.8,89
1,299.7,161.8,89
1,299.7,161.8,89
1,299.6,161.8,89
1,299.6,161.8,89
1,299.6,161.8,89
1,299.5,161.8,89
1,299.5,161.8,89
1,299.5,161.8,89
1,299.4,161.8,89
1,299.4,161.9,89
1,299.4,161.9,89
1,299.4,161.9,89
1,299.3,161.9,89
1,299.3,161.9,89
1,299.3,161.9,89
1,299.2,161.9,89
1,299.2,161.9,89
1,299.2,161.9,89
1,299.1,161.9,89
1,299.1,162.0,89
1,299.1,162.0,89
1,299.1,162.0,89
1,299.0,162.0,89
1,299.0,162.0,89
1,299.0,162.0,89
1,298.9,162.0,89
1,298.9,162.0,89
1,298.9,162.0,89
1,298.9,162.1,89
1,298.8,162.1,89
1,298.8,162.1,89
1,298.8,162.1,89
1,298.7,162.1,89
1,298.7,162.1,89
1,298.7,162.1,89
1,298.6,162.1,89
1,298.6,162.1,89
1,298.6,162.1,89
1,298.6,162.2,89
1,298.5,162.2,89
1,298.5,162.2,89
1,298.5,162.2,89
1,298.4,162.2,89
1,298.4,162.2,88
1,298.4,162.2,88
1,298.3,162.2,88
1,298.3,162.2,88
1,298.3,162.2,88
1,298.2,162.2,88
1,298.2,162.3,88
1,298.2,162.3,88
1,298.2,162.3,88
1,298.1,162.3,88
1,298.1,162.3,88
1,298.1,162.3,88
1,298.0,162.3,88
1,298.0,162.3,88
1,298.0,162.3,88
1,297.9,162.3,88
1,297.9,162.4,88
1,297.9,162.4,88
1,297.9,162.4,88
1,297.8,162.4,88
1,297.8,162.4,88
1,297.8,162.4,88
1,297.7,162.4,88
1,297.7,162.4,88
1,297.7,162.4,88
1,297.6,162.4,88
1,297.6,162.5,88
1,297.6,162.5,88
1,297.6,162.5,88
1,297.5,162.5,88
1,297.5,162.5,88
1,297.5,162.5,88
1,297.4,162.5,88
1,297.4,162.5,88
1,297.4,162.5,87
1,297.4,162.6,87
1,297.3,162.6,87
1,297.3,162.6,87
1,297.3,162.6,87
1,297.2,162.6,87
1,297.2,162.6,87
1,297.2,162.6,87
1,297.1,162.6,87
1,297.1,162.6,87
1,297.1,162.6,87
1,297.1,162.7,87
1,297.0,162.7,87
1,297.0,162.7,87
1,297.0,162.7,87
1,296.9,162.7,87
1,296.9,162.7,87
1,296.9,162.7,87
1,296.8,162.7,87
1,296.8,162.7,87
1,296.8,162.7,87
1,296.8,162.8,87
1,296.7,162.8,87
1,296.7,162.8,87
1,296.7,162.8,87
1,296.6,162.8,87
1,296.6,162.8,87
1,296.6,162.8,87
1,296.5,162.8,86
1,296.5,162.8,86
1,296.5,162.8,86
1,296.4,162.8,86
1,296.4,162.9,86
1,296.4,162.9,86
1,296.4,162.9,86
1,296.3,162.9,86
1,296.3,162.9,86
1,296.3,162.9,86
1,296.2,162.9,86
1,296.2,162.9,86
1,296.2,162.9,86
1,296.1,162.9,86
1,296.1,163.0,86
1,296.1,163.0,86
1,296.1,163.0,86
1,296.0,163.0,86
1,296.0,163.0,86
1,296.0,163.0,86
1,295.9,163.0,86
1,295.9,163.0,86
1,295.9,163.0,86
1,295.9,163.1,86
1,295.8,163.1,86
1,295.8,163.1,85
1,295.8,163.1,85
1,295.7,163.1,85
1,295.7,163.1,85
1,295.7,163.1,85
1,295.6,163.1,85
1,295.6,163.1,85
1,295.6,163.1,85
1,295.6,163.2,85
1,295.5,163.2,85
1,295.5,163.2,85
1,295.5,163.2,85
1,295.4,163.2,85
1,295.4,163.2,85
1,295.4,163.2,85
1,295.3,163.2,85
1,295.3,163.2,85
1,295.3,163.2,85
1,295.2,163.2,85
1,295.2,163.3,85
1,295.2,163.3,85
1,295.2,163.3,85
1,295.1,163.3,85
1,295.1,163.3,85
1,295.1,163.3,84
1,295.0,163.3,84
1,295.0,163.3,84
1,295.0,163.3,84
1,294.9,163.3,84
1,294.9,163.4,84
1,294.9,163.4,84
1,294.9,163.4,84
1,294.8,163.4,84
1,294.8,163.4,84
1,294.8,163.4,84
1,294.7,163.4,84
1,294.7,163.4,84
1,294.7,163.4,84
1,294.6,163.4,84
1,294.6,163.5,84
1,294.6,163.5,84
1,294.6,163.5,84
1,294.5,163.5,84
1,294.5,163.5,84
1,294.5,163.5,84
1,294.4,163.5,84
1,294.4,163.5,84
1,294.4,163.5,84
1,294.4,163.6,84
1,294.3,163.6,83
1,294.3,163.6,83
1,294.3,163.6,83
1,294.2,163.6,83
1,294.2,163.6,83
1,294.2,163.6,83
1,294.1,163.6,83
1,294.1,163.6,83
1,294.1,163.6,83
1,294.1,163.7,83
1,294.0,163.7,83
1,294.0,163.7,83
1,294.0,163.7,83
1,293.9,163.7,83
1,293.9,163.7,83
1,293.9,163.7,83
1,293.8,163.7,83
1,293.8,163.7,83
1,293.8,163.7,83
1,293.8,163.8,83
1,293.7,163.8,83
1,293.7,163.8,83
1,293.7,163.8,83
1,293.6,163.8,83
1,293.6,163.8,83
1,293.6,163.8,82
1,293.5,163.8,82
1,293.5,163.8,82
1,293.5,163.8,82
1,293.4,163.8,82
1,293.4,163.9,82
1,293.4,163.9,82
1,293.4,163.9,82
1,293.3,163.9,82
1,293.3,163.9,82
1,293.3,163.9,82
1,293.2,163.9,82
1,293.2,163.9,82
1,293.2,163.9,82
1,293.1,163.9,82
1,293.1,164.0,82
1,293.1,164.0,82
1,293.1,164.0,82
1,293.0,164.0,82
1,293.0,164.0,82
1,260.0,164.0,82
1,260.0,164.0,82
1,260.0,164.0,82
1,260.0,164.0,82
1,259.9,164.0,82
1,259.9,164.0,82
1,259.9,164.0,82
1,259.9,164.0,82
1,259.9,164.0,81
1,259.9,164.0,81
1,259.9,164.0,81
1,259.9,164.0,81
1,259.9,164.0,81
1,259.9,164.0,81
1,259.9,164.0,81
1,259.8,164.0,81
1,259.8,164.1,81
1,259.8,164.1,81
1,259.8,164.1,81
1,259.8,164.1,81
1,259.8,164.1,81
1,259.8,164.1,81
1,259.8,164.1,81
1,259.8,164.1,81
1,259.8,164.1,81
1,259.7,164.1,81
1,259.7,164.1,81
1,259.7,164.1,81
1,259.7,164.1,81
1,259.7,164.1,81
1,259.7,164.1,81
1,259.7,164.1,81
1,259.7,164.1,81
1,259.7,164.1,81
1,259.6,164.1,81
1,259.6,164.1,81
1,259.6,164.1,81
1,259.6,164.1,81
1,259.6,164.1,81
1,259.6,164.1,81
1,259.6,164.1,81
1,259.6,164.1,81
1,259.6,164.1,80
1,259.6,164.1,80
1,259.6,164.1,80
1,259.5,164.1,80
1,259.5,164.1,80
1,259.5,164.1,80
1,259.5,164.1,80
1,259.5,164.2,80
1,259.5,164.2,80
1,259.5,164.2,80
1,259.5,164.2,80
1,259.5,164.2,80
1,259.4,164.2,80
1,259.4,164.2,80
1,259.4,164.2,80
1,259.4,164.2,80
1,259.4,164.2,80
1,259.4,164.2,80
1,259.4,164.2,80
1,259.4,164.2,80
1,259.4,164.2,80
1,259.4,164.2,80
1,259.4,164.2,80
1,259.3,164.2,80
1,259.3,164.2,80
1,259.3,164.2,80
1,259.3,164.2,80
1,259.3,164.2,80
1,259.3,164.2,80
1,259.3,164.2,80
1,259.3,164.2,80
1,259.3,164.2,80
1,259.2,164.2,80
1,259.2,164.2,80
1,259.2,164.2,80
1,259.2,164.2,80
1,259.2,164.2,80
1,259.2,164.2,80
1,259.2,164.2,80
1,259.2,164.2,80
1,259.2,164.2,80
1,259.2,164.3,80
1,259.1,164.3,80
1,259.1,164.3,80
1,259.1,164.3,80
1,259.1,164.3,80
1,259.1,164.3,80
1,259.1,164.3,80
1,259.1,164.3,80
1,259.1,164.3,80
1,259.1,164.3,80
1,259.1,164.3,80
1,259.1,164.3,80
1,259.0,164.3,80
1,259.0,164.3,80
1,259.0,164.3,80
1,259.0,164.3,80
1,259.0,164.3,80
1,259.0,164.3,80
1,259.0,164.3,80
1,259.0,164.3,80
1,259.0,164.3,80
1,258.9,164.3,80
1,258.9,164.3,80
1,258.9,164.3,80
1,258.9,164.3,80
1,258.9,164.3,80
1,258.9,164.3,80
1,258.9,164.3,80
1,258.9,164.3,80
1,258.9,164.3,80
1,258.9,164.3,80
1,258.9,164.3,80
1,258.8,164.3,80
1,258.8,164.4,80
1,258.8,164.4,80
1,258.8,164.4,80
1,258.8,164.4,80
1,258.8,164.4,80
1,258.8,164.4,80
1,258.8,164.4,80
1,258.8,164.4,80
1,258.8,164.4,80
1,258.7,164.4,80
1,258.7,164.4,80
1,258.7,164.4,80
1,258.7,164.4,80
1,258.7,164.4,80
1,258.7,164.4,80
1,258.7,164.4,80
1,258.7,164.4,80
1,258.7,164.4,80
1,258.6,164.4,80
1,258.6,164.4,80
1,258.6,164.4,80
1,258.6,164.4,80
1,258.6,164.4,80
1,258.6,164.4,80
1,258.6,164.4,80
1,258.6,164.4,80
1,258.6,164.4,80
1,258.6,164.4,80
1,258.6,164.4,80
1,258.5,164.4,80
1,258.5,164.4,80
1,258.5,164.4,80
1,258.5,164.4,80
1,258.5,164.4,80
1,258.5,164.5,80
1,258.5,164.5,80
1,258.5,164.5,80
1,258.5,164.5,80
1,258.4,164.5,80
1,258.4,164.5,80
1,258.4,164.5,80
1,258.4,164.5,80
1,258.4,164.5,80
1,258.4,164.5,80
1,258.4,164.5,80
1,258.4,164.5,80
1,258.4,164.5,80
1,258.4,164.5,80
1,258.4,164.5,80
1,258.3,164.5,80
1,258.3,164.5,80
1,258.3,164.5,80
1,258.3,164.5,80
1,258.3,164.5,80
1,258.3,164.5,80
1,258.3,164.5,80
1,258.3,164.5,80
1,258.3,164.5,80
1,258.2,164.5,80
1,258.2,164.5,80
1,258.2,164.5,80
1,258.2,164.5,80
1,258.2,164.5,80
1,258.2,164.5,80
1,258.2,164.5,80
1,258.2,164.5,80
1,258.2,164.5,80
1,258.2,164.6,80
1,258.1,164.6,80
1,258.1,164.6,80
1,258.1,164.6,80
1,258.1,164.6,80
1,258.1,164.6,80
1,258.1,164.6,80
1,258.1,164.6,80
1,258.1,164.6,80
1,258.1,164.6,80
1,258.1,164.6,80
1,258.1,164.6,80
1,258.0,164.6,80
1,258.0,164.6,81
1,258.0,164.6,81
1,258.0,164.6,81
1,258.0,164.6,81
1,258.0,164.6,81
1,258.0,164.6,81
1,258.0,164.6,81
1,258.0,164.6,81
1,257.9,164.6,81
1,257.9,164.6,81
1,257.9,164.6,81
1,257.9,164.6,81
1,257.9,164.6,81
1,257.9,164.6,81
1,257.9,164.6,81
1,257.9,164.6,81
1,257.9,164.6,81
1,257.9,164.6,81
1,257.9,164.6,81
1,257.8,164.6,81
1,257.8,164.7,81
1,257.8,164.7,81
1,257.8,164.7,81
1,257.8,164.7,81
1,257.8,164.7,81
1,257.8,164.7,81
1,257.8,164.7,81
1,257.8,164.7,81
1,257.8,164.7,81
1,257.7,164.7,81
1,257.7,164.7,81
1,257.7,164.7,81
1,257.7,164.7,81
1,257.7,164.7,81
1,257.7,164.7,82
1,257.7,164.7,82
1,257.7,164.7,82
1,257.7,164.7,82
1,257.6,164.7,82
1,257.6,164.7,82
1,257.6,164.7,82
1,257.6,164.7,82
1,257.6,164.7,82
1,257.6,164.7,82
1,257.6,164.7,82
1,257.6,164.7,82
1,257.6,164.7,82
1,257.6,164.7,82
1,257.6,164.7,82
1,257.5,164.7,82
1,257.5,164.7,82
1,257.5,164.7,82
1,257.5,164.7,82
1,257.5,164.8,82
1,257.5,164.8,82
1,257.5,164.8,82
1,257.5,164.8,82
1,257.5,164.8,82
1,257.4,164.8,82
1,257.4,164.8,82
1,257.4,164.8,82
1,257.4,164.8,82
1,257.4,164.8,83
1,257.4,164.8,83
1,257.4,164.8,83
1,257.4,164.8,83
1,257.4,164.8,83
1,257.4,164.8,83
1,257.4,164.8,83
1,257.3,164.8,83
1,257.3,164.8,83
1,257.3,164.8,83
1,257.3,164.8,83
1,257.3,164.8,83
1,257.3,164.8,83
1,257.3,164.8,83
1,257.3,164.8,83
1,257.3,164.8,83
1,257.2,164.8,83
1,257.2,164.8,83
1,257.2,164.8,83
1,257.2,164.8,83
1,257.2,164.8,83
1,257.2,164.8,83
1,257.2,164.8,83
1,257.2,164.8,83
1,257.2,164.8,83
1,257.2,164.9,84
1,257.1,164.9,84
1,257.1,164.9,84
1,257.1,164.9,84
1,257.1,164.9,84
1,257.1,164.9,84
1,257.1,164.9,84
1,257.1,164.9,84
1,257.1,164.9,84
1,257.1,164.9,84
1,257.1,164.9,84
1,257.1,164.9,84
1,257.0,164.9,84
1,257.0,164.9,84
1,257.0,164.9,84
1,257.0,164.9,84
1,257.0,164.9,84
1,257.0,164.9,84
1,257.0,164.9,84
1,257.0,164.9,84
1,257.0,164.9,84
1,256.9,164.9,84
1,256.9,164.9,84
1,256.9,164.9,84
1,256.9,164.9,85
1,256.9,164.9,85
1,256.9,164.9,85
1,256.9,164.9,85
1,256.9,164.9,85
1,256.9,164.9,85
1,256.9,164.9,85
1,256.9,164.9,85
1,256.8,164.9,85
1,256.8,165.0,85
1,256.8,165.0,85
1,256.8,165.0,85
1,256.8,165.0,85
1,256.8,165.0,85
1,256.8,165.0,85
1,256.8,165.0,85
1,256.8,165.0,85
1,256.8,165.0,85
1,256.7,165.0,85
1,256.7,165.0,85
1,256.7,165.0,85
1,256.7,165.0,85
1,256.7,165.0,85
1,256.7,165.0,85
1,256.7,165.0,85
1,256.7,165.0,86
1,256.7,165.0,86
1,256.6,165.0,86
1,256.6,165.0,86
1,256.6,165.0,86
1,256.6,165.0,86
1,256.6,165.0,86
1,256.6,165.0,86
1,256.6,165.0,86
1,256.6,165.0,86
1,256.6,165.0,86
1,256.6,165.0,86
1,256.6,165.0,86
1,256.5,165.0,86
1,256.5,165.0,86
1,256.5,165.0,86
1,256.5,165.0,86
1,256.5,165.1,86
1,256.5,165.1,86
1,256.5,165.1,86
1,256.5,165.1,86
1,256.5,165.1,86
1,256.4,165.1,86
1,256.4,165.1,86
1,256.4,165.1,86
1,256.4,165.1,87
1,256.4,165.1,87
1,256.4,165.1,87
1,256.4,165.1,87
1,256.4,165.1,87
1,256.4,165.1,87
1,256.4,165.1,87
1,256.4,165.1,87
1,256.3,165.1,87
1,256.3,165.1,87
1,256.3,165.1,87
1,256.3,165.1,87
1,256.3,165.1,87
1,256.3,165.1,87
1,256.3,165.1,87
1,256.3,165.1,87
1,256.3,165.1,87
1,256.2,165.1,87
1,256.2,165.1,87
1,256.2,165.1,87
1,256.2,165.1,87
1,256.2,165.1,87
1,256.2,165.1,87
1,256.2,165.1,87
1,256.2,165.1,87
1,256.2,165.1,87
1,256.2,165.2,87
1,256.1,165.2,87
1,256.1,165.2,88
1,256.1,165.2,88
1,256.1,165.2,88
1,256.1,165.2,88
1,256.1,165.2,88
1,256.1,165.2,88
1,256.1,165.2,88
1,256.1,165.2,88
1,256.1,165.2,88
1,256.1,165.2,88
1,256.0,165.2,88
1,256.0,165.2,88
1,256.0,165.2,88
1,256.0,165.2,88
1,256.0,165.2,88
1,256.0,165.2,88
1,256.0,165.2,88
1,256.0,165.2,88
1,256.0,165.2,88
1,255.9,165.2,88
1,255.9,165.2,88
1,255.9,165.2,88
1,255.9,165.2,88
1,255.9,165.2,88
1,255.9,165.2,88
1,255.9,165.2,88
1,255.9,165.2,88
1,255.9,165.2,88
1,255.9,165.2,88
1,255.8,165.2,88
1,255.8,165.2,88
1,255.8,165.3,88
1,255.8,165.3,88
1,255.8,165.3,88
1,255.8,165.3,89
1,255.8,165.3,89
1,255.8,165.3,89
1,255.8,165.3,89
1,255.8,165.3,89
1,255.8,165.3,89
1,255.7,165.3,89
1,255.7,165.3,89
1,255.7,165.3,89
1,255.7,165.3,89
1,255.7,165.3,89
1,255.7,165.3,89
1,255.7,165.3,89
1,255.7,165.3,89
1,255.7,165.3,89
1,255.7,165.3,89
1,255.6,165.3,89
1,255.6,165.3,89
1,255.6,165.3,89
1,255.6,165.3,89
1,255.6,165.3,89
1,255.6,165.3,89
1,255.6,165.3,89
1,255.6,165.3,89
1,255.6,165.3,89
1,255.6,165.3,89
1,255.5,165.3,89
1,255.5,165.3,89
1,255.5,165.3,89
1,255.5,165.3,89
1,255.5,165.3,89
1,255.5,165.4,89
1,255.5,165.4,89
1,255.5,165.4,89
1,255.5,165.4,89
1,255.4,165.4,89
1,255.4,165.4,89
1,255.4,165.4,89
1,255.4,165.4,89
1,255.4,165.4,89
1,255.4,165.4,89
1,255.4,165.4,89
1,255.4,165.4,89
1,255.4,165.4,89
1,255.4,165.4,89
1,255.3,165.4,89
1,255.3,165.4,89
1,255.3,165.4,89
1,255.3,165.4,89
1,255.3,165.4,89
1,255.3,165.4,89
1,255.3,165.4,89
1,255.3,165.4,89
1,255.3,165.4,89
1,255.3,165.4,89
1,255.2,165.4,89
1,255.2,165.4,89
1,255.2,165.4,89
1,255.2,165.4,89
1,255.2,165.4,89
1,255.2,165.4,89
1,255.2,165.4,89
1,255.2,165.4,89
1,255.2,165.4,89
1,255.2,165.5,89
1,255.2,165.5,89
1,255.1,165.5,89
1,255.1,165.5,89
1,255.1,165.5,89
1,255.1,165.5,89
1,255.1,165.5,89
1,255.1,165.5,89
1,255.1,165.5,89
1,255.1,165.5,89
1,255.1,165.5,89
1,255.1,165.5,89
1,255.0,165.5,89
1,255.0,165.5,89
1,255.0,165.5,89
1,255.0,165.5,89
1,255.0,165.5,89
1,255.0,165.5,89
1,255.0,165.5,89
1,255.0,165.5,89
1,255.0,165.5,89
1,254.9,165.5,89
1,254.9,165.5,89
1,254.9,165.5,89
1,254.9,165.5,89
1,254.9,165.5,89
1,254.9,165.5,89
1,254.9,165.5,89
1,254.9,165.5,89
1,254.9,165.5,89
1,254.9,165.5,89
1,254.8,165.5,89
1,254.8,165.5,89
1,254.8,165.6,89
1,254.8,165.6,89
1,254.8,165.6,89
1,254.8,165.6,89
1,254.8,165.6,89
1,254.8,165.6,89
1,254.8,165.6,89
1,254.8,165.6,89
1,254.8,165.6,89
1,254.7,165.6,89
1,254.7,165.6,89
1,254.7,165.6,89
1,254.7,165.6,89
1,254.7,165.6,89
1,254.7,165.6,89
1,254.7,165.6,89
1,254.7,165.6,89
1,254.7,165.6,89
1,254.7,165.6,89
1,254.6,165.6,89
1,254.6,165.6,89
1,254.6,165.6,89
1,254.6,165.6,89
1,254.6,165.6,89
1,254.6,165.6,89
1,254.6,165.6,89
1,254.6,165.6,89
1,254.6,165.6,89
1,254.6,165.6,89
1,254.5,165.6,89
1,254.5,165.6,89
1,254.5,165.6,89
1,254.5,165.6,89
1,254.5,165.7,89
1,254.5,165.7,89
1,254.5,165.7,89
1,254.5,165.7,89
1,254.5,165.7,89
1,254.4,165.7,89
1,254.4,165.7,89
1,254.4,165.7,89
1,254.4,165.7,89
1,254.4,165.7,89
1,254.4,165.7,89
1,254.4,165.7,89
1,254.4,165.7,89
1,254.4,165.7,89
1,254.4,165.7,89
1,254.3,165.7,89
1,254.3,165.7,89
1,254.3,165.7,89
1,254.3,165.7,89
1,254.3,165.7,89
1,254.3,165.7,89
1,254.3,165.7,89
1,254.3,165.7,89
1,254.3,165.7,89
1,254.3,165.7,88
1,254.2,165.7,88
1,254.2,165.7,88
1,254.2,165.7,88
1,254.2,165.7,88
1,254.2,165.7,88
1,254.2,165.7,88
1,254.2,165.7,88
1,254.2,165.7,88
1,254.2,165.7,88
1,254.2,165.8,88
1,254.2,165.8,88
1,254.1,165.8,88
1,254.1,165.8,88
1,254.1,165.8,88
1,254.1,165.8,88
1,254.1,165.8,88
1,254.1,165.8,88
1,254.1,165.8,88
1,254.1,165.8,88
1,254.1,165.8,88
1,254.1,165.8,88
1,254.0,165.8,88
1,254.0,165.8,88
1,254.0,165.8,88
1,254.0,165.8,88
1,254.0,165.8,88
1,254.0,165.8,88
1,254.0,165.8,88
1,254.0,165.8,88
1,254.0,165.8,88
1,253.9,165.8,88
1,253.9,165.8,88
1,253.9,165.8,88
1,253.9,165.8,87
1,253.9,165.8,87
1,253.9,165.8,87
1,253.9,165.8,87
1,253.9,165.8,87
1,253.9,165.8,87
1,253.9,165.8,87
1,253.8,165.8,87
1,253.8,165.8,87
1,253.8,165.9,87
1,253.8,165.9,87
1,253.8,165.9,87
1,253.8,165.9,87
1,253.8,165.9,87
1,253.8,165.9,87
1,253.8,165.9,87
1,253.8,165.9,87
1,253.8,165.9,87
1,253.7,165.9,87
1,253.7,165.9,87
1,253.7,165.9,87
1,253.7,165.9,87
1,253.7,165.9,87
1,253.7,165.9,87
1,253.7,165.9,87
1,253.7,165.9,87
1,253.7,165.9,87
1,253.7,165.9,87
1,253.6,165.9,86
1,253.6,165.9,86
1,253.6,165.9,86
1,253.6,165.9,86
1,253.6,165.9,86
1,253.6,165.9,86
1,253.6,165.9,86
1,253.6,165.9,86
1,253.6,165.9,86
1,253.6,165.9,86
1,253.5,165.9,86
1,253.5,165.9,86
1,253.5,165.9,86
1,253.5,165.9,86
1,253.5,165.9,86
1,253.5,166.0,86
1,253.5,166.0,86
1,253.5,166.0,86
1,253.5,166.0,86
1,253.4,166.0,86
1,253.4,166.0,86
1,253.4,166.0,86
1,253.4,166.0,86
1,253.4,166.0,86
1,253.4,166.0,86
1,253.4,166.0,85
1,253.4,166.0,85
1,253.4,166.0,85
1,253.4,166.0,85
1,253.3,166.0,85
1,253.3,166.0,85
1,253.3,166.0,85
1,253.3,166.0,85
1,253.3,166.0,85
1,253.3,166.0,85
1,253.3,166.0,85
1,253.3,166.0,85
1,253.3,166.0,85
1,253.3,166.0,85
1,253.2,166.0,85
1,253.2,166.0,85
1,253.2,166.0,85
1,253.2,166.0,85
1,253.2,166.0,85
1,253.2,166.0,85
1,253.2,166.0,85
1,253.2,166.0,85
1,253.2,166.0,85
1,253.2,166.1,85
1,253.2,166.1,84
1,253.1,166.1,84
1,253.1,166.1,84
1,253.1,166.1,84
1,253.1,166.1,84
1,253.1,166.1,84
1,253.1,166.1,84
1,253.1,166.1,84
1,253.1,166.1,84
1,253.1,166.1,84
1,253.1,166.1,84
1,253.0,166.1,84
1,253.0,166.1,84
1,253.0,166.1,84
1,253.0,166.1,84
1,253.0,166.1,84
1,253.0,166.1,84
1,253.0,166.1,84
1,253.0,166.1,84
1,253.0,166.1,84
1,252.9,166.1,84
1,252.9,166.1,84
1,252.9,166.1,84
1,252.9,166.1,84
1,252.9,166.1,84
1,252.9,166.1,83
1,252.9,166.1,83
1,252.9,166.1,83
1,252.9,166.1,83
1,252.9,166.1,83
1,252.8,166.1,83
1,252.8,166.1,83
1,252.8,166.2,83
1,252.8,166.2,83
1,252.8,166.2,83
1,252.8,166.2,83
1,252.8,166.2,83
1,252.8,166.2,83
1,252.8,166.2,83
1,252.8,166.2,83
1,252.8,166.2,83
1,252.7,166.2,83
1,252.7,166.2,83
1,252.7,166.2,83
1,252.7,166.2,83
1,252.7,166.2,83
1,252.7,166.2,83
1,252.7,166.2,83
1,252.7,166.2,83
1,252.7,166.2,83
1,252.7,166.2,82
1,252.6,166.2,82
1,252.6,166.2,82
1,252.6,166.2,82
1,252.6,166.2,82
1,252.6,166.2,82
1,252.6,166.2,82
1,252.6,166.2,82
1,252.6,166.2,82
1,252.6,166.2,82
1,252.6,166.2,82
1,252.5,166.2,82
1,252.5,166.2,82
1,252.5,166.2,82
1,252.5,166.2,82
1,252.5,166.2,82
1,252.5,166.3,82
1,252.5,166.3,82
1,252.5,166.3,82
1,252.5,166.3,82
1,252.4,166.3,82
1,252.4,166.3,82
1,252.4,166.3,82
1,252.4,166.3,82
1,252.4,166.3,82
1,252.4,166.3,82
1,252.4,166.3,82
1,252.4,166.3,82
1,252.4,166.3,81
1,252.4,166.3,81
1,252.3,166.3,81
1,252.3,166.3,81
1,252.3,166.3,81
1,252.3,166.3,81
1,252.3,166.3,81
1,252.3,166.3,81
1,252.3,166.3,81
1,252.3,166.3,81
1,252.3,166.3,81
1,252.3,166.3,81
1,252.2,166.3,81
1,252.2,166.3,81
1,252.2,166.3,81
1,252.2,166.3,81
1,252.2,166.3,81
1,252.2,166.3,81
1,252.2,166.3,81
1,252.2,166.3,81
1,252.2,166.3,81
1,252.2,166.4,81
1,252.2,166.4,81
1,252.1,166.4,81
1,252.1,166.4,81
1,252.1,166.4,81
1,252.1,166.4,81
1,252.1,166.4,81
1,252.1,166.4,81
1,252.1,166.4,81
1,252.1,166.4,81
1,252.1,166.4,81
1,252.1,166.4,81
1,252.0,166.4,81
1,252.0,166.4,80
1,252.0,166.4,80
1,252.0,166.4,80
1,252.0,166.4,80
1,252.0,166.4,80
1,252.0,166.4,80
1,252.0,166.4,80
1,252.0,166.4,80
1,251.9,166.4,80
1,251.9,166.4,80
1,251.9,166.4,80
1,251.9,166.4,80
1,251.9,166.4,80
1,251.9,166.4,80
1,251.9,166.4,80
1,251.9,166.4,80
1,251.9,166.4,80
1,251.9,166.4,80
1,251.8,166.4,80
1,251.8,166.4,80
1,251.8,166.5,80
1,251.8,166.5,80
1,251.8,166.5,80
1,251.8,166.5,80
1,251.8,166.5,80
1,251.8,166.5,80
1,251.8,166.5,80
1,251.8,166.5,80
1,251.8,166.5,80
1,251.7,166.5,80
1,251.7,166.5,80
1,251.7,166.5,80
1,251.7,166.5,80
1,251.7,166.5,80
1,251.7,166.5,80
1,251.7,166.5,80
1,251.7,166.5,80
1,251.7,166.5,80
1,251.7,166.5,80
1,251.6,166.5,80
1,251.6,166.5,80
1,251.6,166.5,80
1,251.6,166.5,80
1,251.6,166.5,80
1,251.6,166.5,80
1,251.6,166.5,80
1,251.6,166.5,80
1,251.6,166.5,80
1,251.6,166.5,80
1,251.5,166.5,80
1,251.5,166.5,80
1,251.5,166.5,80
1,251.5,166.5,80
1,251.5,166.6,80
1,251.5,166.6,80
1,251.5,166.6,80
1,251.5,166.6,80
1,251.5,166.6,80
1,251.4,166.6,80
1,251.4,166.6,80
1,251.4,166.6,80
1,251.4,166.6,80
1,251.4,166.6,80
1,251.4,166.6,80
1,251.4,166.6,80
1,251.4,166.6,80
1,251.4,166.6,80
1,251.4,166.6,80
1,251.3,166.6,80
1,251.3,166.6,80
1,251.3,166.6,80
1,251.3,166.6,80
1,251.3,166.6,80
1,251.3,166.6,80
1,251.3,166.6,80
1,251.3,166.6,80
1,251.3,166.6,80
1,251.3,166.6,80
1,251.2,166.6,80
1,251.2,166.6,80
1,251.2,166.6,80
1,251.2,166.6,80
1,251.2,166.6,80
1,251.2,166.6,80
1,251.2,166.6,80
1,251.2,166.6,80
1,251.2,166.6,80
1,251.2,166.7,80
1,251.2,166.7,80
1,251.1,166.7,80
1,251.1,166.7,80
1,251.1,166.7,80
1,251.1,166.7,80
1,251.1,166.7,80
1,251.1,166.7,80
1,251.1,166.7,80
1,251.1,166.7,80
1,251.1,166.7,80
1,251.1,166.7,80
1,251.0,166.7,80
1,251.0,166.7,80
1,251.0,166.7,80
1,251.0,166.7,80
1,251.0,166.7,80
1,251.0,166.7,80
1,251.0,166.7,80
1,251.0,166.7,80
1,251.0,166.7,80
1,250.9,166.7,80
1,250.9,166.7,80
1,250.9,166.7,80
1,250.9,166.7,80
1,250.9,166.7,80
1,250.9,166.7,80
1,250.9,166.7,80
1,250.9,166.7,80
1,250.9,166.7,80
1,250.9,166.7,80
1,250.8,166.7,80
1,250.8,166.7,80
1,250.8,166.8,80
1,250.8,166.8,80
1,250.8,166.8,80
1,250.8,166.8,80
1,250.8,166.8,80
1,250.8,166.8,80
1,250.8,166.8,80
1,250.8,166.8,80
1,250.8,166.8,80
1,250.7,166.8,80
1,250.7,166.8,80
1,250.7,166.8,80
1,250.7,166.8,80
1,250.7,166.8,80
1,250.7,166.8,80
1,250.7,166.8,80
1,250.7,166.8,80
1,250.7,166.8,80
1,250.7,166.8,80
1,250.6,166.8,80
1,250.6,166.8,80
1,250.6,166.8,80
1,250.6,166.8,80
1,250.6,166.8,80
1,250.6,166.8,80
1,250.6,166.8,80
1,250.6,166.8,80
1,250.6,166.8,80
1,250.6,166.8,80
1,250.5,166.8,80
1,250.5,166.8,80
1,250.5,166.8,80
1,250.5,166.8,80
1,250.5,166.8,80
1,250.5,166.9,81
1,250.5,166.9,81
1,250.5,166.9,81
1,250.5,166.9,81
1,250.4,166.9,81
1,250.4,166.9,81
1,250.4,166.9,81
1,250.4,166.9,81
1,250.4,166.9,81
1,250.4,166.9,81
1,250.4,166.9,81
1,250.4,166.9,81
1,250.4,166.9,81
1,250.4,166.9,81
1,250.3,166.9,81
1,250.3,166.9,81
1,250.3,166.9,81
1,250.3,166.9,81
1,250.3,166.9,81
1,250.3,166.9,81
1,250.3,166.9,81
1,250.3,166.9,81
1,250.3,166.9,81
1,250.3,166.9,81
1,250.2,166.9,81
1,250.2,166.9,81
1,250.2,166.9,81
1,250.2,166.9,81
1,250.2,166.9,81
1,250.2,166.9,81
1,250.2,166.9,81
1,250.2,166.9,81
1,250.2,166.9,81
1,250.2,167.0,81
1,250.2,167.0,82
1,250.1,167.0,82
1,250.1,167.0,82
1,250.1,167.0,82
1,250.1,167.0,82
1,250.1,167.0,82
1,250.1,167.0,82
1,250.1,167.0,82
1,250.1,167.0,82
1,250.1,167.0,82
1,250.1,167.0,82
1,250.0,167.0,82
1,250.0,167.0,82
1,250.0,167.0,82
1,250.0,167.0,82
1,250.0,167.0,82
1,250.0,167.0,82
1,250.0,167.0,82
1,250.0,167.0,82
1,250.0,167.0,82
1,249.9,167.0,82
1,249.9,167.0,82
1,249.9,167.0,82
1,249.9,167.0,82
1,249.9,167.0,82
1,249.9,167.0,82
1,249.9,167.0,82
1,249.9,167.0,82
1,249.9,167.0,83
1,249.9,167.0,83
1,249.8,167.0,83
1,249.8,167.0,83
1,249.8,167.1,83
1,249.8,167.1,83
1,249.8,167.1,83
1,249.8,167.1,83
1,249.8,167.1,83
1,249.8,167.1,83
1,249.8,167.1,83
1,249.8,167.1,83
1,249.8,167.1,83
1,249.7,167.1,83
1,249.7,167.1,83
1,249.7,167.1,83
1,249.7,167.1,83
1,249.7,167.1,83
1,249.7,167.1,83
1,249.7,167.1,83
1,249.7,167.1,83
1,249.7,167.1,83
1,249.7,167.1,83
1,249.6,167.1,83
1,249.6,167.1,83
1,249.6,167.1,84
1,249.6,167.1,84
1,249.6,167.1,84
1,249.6,167.1,84
1,249.6,167.1,84
1,249.6,167.1,84
1,249.6,167.1,84
1,249.6,167.1,84
1,249.5,167.1,84
1,249.5,167.1,84
1,249.5,167.1,84
1,249.5,167.1,84
1,249.5,167.2,84
1,249.5,167.2,84
1,249.5,167.2,84
1,249.5,167.2,84
1,249.5,167.2,84
1,249.4,167.2,84
1,249.4,167.2,84
1,249.4,167.2,84
1,249.4,167.2,84
1,249.4,167.2,84
1,249.4,167.2,84
1,249.4,167.2,84
1,249.4,167.2,85
1,249.4,167.2,85
1,249.4,167.2,85
1,249.3,167.2,85
1,249.3,167.2,85
1,249.3,167.2,85
1,249.3,167.2,85
1,249.3,167.2,85
1,249.3,167.2,85
1,249.3,167.2,85
1,249.3,167.2,85
1,249.3,167.2,85
1,249.3,167.2,85
1,249.2,167.2,85
1,249.2,167.2,85
1,249.2,167.2,85
1,249.2,167.2,85
1,249.2,167.2,85
1,249.2,167.2,85
1,249.2,167.2,85
1,249.2,167.2,85
1,249.2,167.2,85
1,249.2,167.3,85
1,249.2,167.3,85
1,249.1,167.3,85
1,249.1,167.3,86
1,249.1,167.3,86
1,249.1,167.3,86
1,249.1,167.3,86
1,249.1,167.3,86
1,249.1,167.3,86
1,249.1,167.3,86
1,249.1,167.3,86
1,249.1,167.3,86
1,249.0,167.3,86
1,249.0,167.3,86
1,249.0,167.3,86
1,249.0,167.3,86
1,249.0,167.3,86
1,249.0,167.3,86
1,249.0,167.3,86
1,249.0,167.3,86
1,249.0,167.3,86
1,248.9,167.3,86
1,248.9,167.3,86
1,248.9,167.3,86
1,248.9,167.3,86
1,248.9,167.3,86
1,248.9,167.3,86
1,248.9,167.3,86
1,248.9,167.3,87
1,248.9,167.3,87
1,248.9,167.3,87
1,248.8,167.3,87
1,248.8,167.3,87
1,248.8,167.4,87
1,248.8,167.4,87
1,248.8,167.4,87
1,248.8,167.4,87
1,248.8,167.4,87
1,248.8,167.4,87
1,248.8,167.4,87
1,248.8,167.4,87
1,248.8,167.4,87
1,248.7,167.4,87
1,248.7,167.4,87
1,248.7,167.4,87
1,248.7,167.4,87
1,248.7,167.4,87
1,248.7,167.4,87
1,248.7,167.4,87
1,248.7,167.4,87
1,248.7,167.4,87
1,248.7,167.4,87
1,248.6,167.4,87
1,248.6,167.4,87
1,248.6,167.4,87
1,248.6,167.4,87
1,248.6,167.4,88
1,248.6,167.4,88
1,248.6,167.4,88
1,248.6,167.4,88
1,248.6,167.4,88
1,248.6,167.4,88
1,248.5,167.4,88
1,248.5,167.4,88
1,248.5,167.4,88
1,248.5,167.4,88
1,248.5,167.4,88
1,248.5,167.5,88
1,248.5,167.5,88
1,248.5,167.5,88
1,248.5,167.5,88
1,248.4,167.5,88
1,248.4,167.5,88
1,248.4,167.5,88
1,248.4,167.5,88
1,248.4,167.5,88
1,248.4,167.5,88
1,248.4,167.5,88
1,248.4,167.5,88
1,248.4,167.5,88
1,248.4,167.5,88
1,248.3,167.5,88
1,248.3,167.5,88
1,248.3,167.5,88
1,248.3,167.5,88
1,248.3,167.5,88
1,248.3,167.5,88
1,248.3,167.5,88
1,248.3,167.5,88
1,248.3,167.5,88
1,248.3,167.5,89
1,248.2,167.5,89
1,248.2,167.5,89
1,248.2,167.5,89
1,248.2,167.5,89
1,248.2,167.5,89
1,248.2,167.5,89
1,248.2,167.5,89
1,248.2,167.5,89
1,248.2,167.5,89
1,248.2,167.6,89
1,248.2,167.6,89
1,248.1,167.6,89
1,248.1,167.6,89
1,248.1,167.6,89
1,248.1,167.6,89
1,248.1,167.6,89
1,248.1,167.6,89
1,248.1,167.6,89
1,248.1,167.6,89
1,248.1,167.6,89
1,248.1,167.6,89
1,248.0,167.6,89
1,248.0,167.6,89
1,248.0,167.6,89
1,248.0,167.6,89
1,248.0,167.6,89
1,248.0,167.6,89
1,248.0,167.6,89
1,248.0,167.6,89
1,248.0,167.6,89
1,247.9,167.6,89
1,247.9,167.6,89
1,247.9,167.6,89
1,247.9,167.6,89
1,247.9,167.6,89
1,247.9,167.6,89
1,247.9,167.6,89
1,247.9,167.6,89
1,247.9,167.6,89
1,247.9,167.6,89
1,247.8,167.6,89
1,247.8,167.6,89
1,247.8,167.7,89
1,247.8,167.7,89
1,247.8,167.7,89
1,247.8,167.7,89
1,247.8,167.7,89
1,247.8,167.7,89
1,247.8,167.7,89
1,247.8,167.7,89
1,247.8,167.7,89
1,247.7,167.7,89
1,247.7,167.7,89
1,247.7,167.7,89
1,247.7,167.7,89
1,247.7,167.7,89
1,247.7,167.7,89
1,247.7,167.7,89
1,247.7,167.7,89
1,247.7,167.7,89
1,247.7,167.7,89
1,247.6,167.7,89
1,247.6,167.7,89
1,247.6,167.7,89
1,247.6,167.7,89
1,247.6,167.7,89
1,247.6,167.7,89
1,247.6,167.7,89
1,247.6,167.7,89
1,247.6,167.7,89
1,247.6,167.7,89
1,247.5,167.7,89
1,247.5,167.7,89
1,247.5,167.7,89
1,247.5,167.7,89
1,247.5,167.8,89
1,247.5,167.8,89
1,247.5,167.8,89
1,247.5,167.8,89
1,247.5,167.8,89
1,247.4,167.8,89
1,247.4,167.8,89
1,247.4,167.8,89
1,247.4,167.8,89
1,247.4,167.8,89
1,247.4,167.8,89
1,247.4,167.8,89
1,247.4,167.8,89
1,247.4,167.8,89
1,247.4,167.8,89
1,247.3,167.8,89
1,247.3,167.8,89
1,247.3,167.8,89
1,247.3,167.8,89
1,247.3,167.8,89
1,247.3,167.8,89
1,247.3,167.8,89
1,247.3,167.8,89
1,247.3,167.8,89
1,247.3,167.8,89
1,247.2,167.8,89
1,247.2,167.8,89
1,247.2,167.8,89
1,247.2,167.8,89
1,247.2,167.8,89
1,247.2,167.8,89
1,247.2,167.8,89
1,247.2,167.8,89
1,247.2,167.8,89
1,247.2,167.9,89
1,247.2,167.9,89
1,247.1,167.9,89
1,247.1,167.9,89
1,247.1,167.9,89
1,247.1,167.9,89
1,247.1,167.9,89
1,247.1,167.9,89
1,247.1,167.9,89
1,247.1,167.9,89
1,247.1,167.9,89
1,247.1,167.9,89
1,247.0,167.9,89
1,247.0,167.9,89
1,247.0,167.9,89
1,247.0,167.9,89
1,247.0,167.9,89
1,247.0,167.9,89
1,247.0,167.9,89
1,247.0,167.9,89
1,247.0,167.9,89
1,246.9,167.9,89
1,246.9,167.9,89
1,246.9,167.9,89
1,246.9,167.9,89
1,246.9,167.9,89
1,246.9,167.9,89
1,246.9,167.9,89
1,246.9,167.9,89
1,246.9,167.9,89
1,246.9,167.9,89
1,246.8,167.9,89
1,246.8,167.9,89
1,246.8,168.0,89
1,246.8,168.0,89
1,246.8,168.0,89
1,246.8,168.0,89
1,246.8,168.0,89
1,246.8,168.0,89
1,246.8,168.0,89
1,246.8,168.0,89
1,246.8,168.0,89
1,246.7,168.0,89
1,246.7,168.0,89
1,246.7,168.0,88
1,246.7,168.0,88
1,246.7,168.0,88
1,246.7,168.0,88
1,246.7,168.0,88
1,246.7,168.0,88
1,246.7,168.0,88
1,246.7,168.0,88
1,246.6,168.0,88
1,246.6,168.0,88
1,246.6,168.0,88
1,246.6,168.0,88
1,246.6,168.0,88
1,246.6,168.0,88
1,246.6,168.0,88
1,246.6,168.0,88
1,246.6,168.0,88
1,246.6,168.0,88
1,246.5,168.0,88
1,246.5,168.0,88
1,246.5,168.0,88
1,246.5,168.0,88
1,246.5,168.1,88
1,246.5,168.1,88
1,246.5,168.1,88
1,246.5,168.1,88
1,246.5,168.1,88
1,246.4,168.1,88
1,246.4,168.1,88
1,246.4,168.1,88
1,246.4,168.1,88
1,246.4,168.1,88
1,246.4,168.1,88
1,246.4,168.1,88
1,246.4,168.1,87
1,246.4,168.1,87
1,246.4,168.1,87
1,246.3,168.1,87
1,246.3,168.1,87
1,246.3,168.1,87
1,246.3,168.1,87
1,246.3,168.1,87
1,246.3,168.1,87
1,246.3,168.1,87
1,246.3,168.1,87
1,246.3,168.1,87
1,246.3,168.1,87
1,246.2,168.1,87
1,246.2,168.1,87
1,246.2,168.1,87
1,246.2,168.1,87
1,246.2,168.1,87
1,246.2,168.1,87
1,246.2,168.1,87
1,246.2,168.1,87
1,246.2,168.1,87
1,246.2,168.2,87
1,246.2,168.2,87
1,246.1,168.2,87
1,246.1,168.2,87
1,246.1,168.2,87
1,246.1,168.2,87
1,246.1,168.2,86
1,246.1,168.2,86
1,246.1,168.2,86
1,246.1,168.2,86
1,246.1,168.2,86
1,246.1,168.2,86
1,246.0,168.2,86
1,246.0,168.2,86
1,246.0,168.2,86
1,246.0,168.2,86
1,246.0,168.2,86
1,246.0,168.2,86
1,246.0,168.2,86
1,246.0,168.2,86
1,246.0,168.2,86
1,245.9,168.2,86
1,245.9,168.2,86
1,245.9,168.2,86
1,245.9,168.2,86
1,245.9,168.2,86
1,245.9,168.2,86
1,245.9,168.2,86
1,245.9,168.2,86
1,245.9,168.2,86
1,245.9,168.2,86
1,245.8,168.2,85
1,245.8,168.2,85
1,245.8,168.3,85
1,245.8,168.3,85
1,245.8,168.3,85
1,245.8,168.3,85
1,245.8,168.3,85
1,245.8,168.3,85
1,245.8,168.3,85
1,245.8,168.3,85
1,245.8,168.3,85
1,245.7,168.3,85
1,245.7,168.3,85
1,245.7,168.3,85
1,245.7,168.3,85
1,245.7,168.3,85
1,245.7,168.3,85
1,245.7,168.3,85
1,245.7,168.3,85
1,245.7,168.3,85
1,245.7,168.3,85
1,245.6,168.3,85
1,245.6,168.3,85
1,245.6,168.3,85
1,245.6,168.3,84
1,245.6,168.3,84
1,245.6,168.3,84
1,245.6,168.3,84
1,245.6,168.3,84
1,245.6,168.3,84
1,245.6,168.3,84
1,245.5,168.3,84
1,245.5,168.3,84
1,245.5,168.3,84
1,245.5,168.3,84
1,245.5,168.3,84
1,245.5,168.4,84
1,245.5,168.4,84
1,245.5,168.4,84
1,245.5,168.4,84
1,245.4,168.4,84
1,245.4,168.4,84
1,245.4,168.4,84
1,245.4,168.4,84
1,245.4,168.4,84
1,245.4,168.4,84
1,245.4,168.4,84
1,245.4,168.4,84
1,245.4,168.4,84
1,245.4,168.4,83
1,245.3,168.4,83
1,245.3,168.4,83
1,245.3,168.4,83
1,245.3,168.4,83
1,245.3,168.4,83
1,245.3,168.4,83
1,245.3,168.4,83
1,245.3,168.4,83
1,245.3,168.4,83
1,245.3,168.4,83
1,245.2,168.4,83
1,245.2,168.4,83
1,245.2,168.4,83
1,245.2,168.4,83
1,245.2,168.4,83
1,245.2,168.4,83
1,245.2,168.4,83
1,245.2,168.4,83
1,245.2,168.4,83
1,245.2,168.5,83
1,245.2,168.5,83
1,245.1,168.5,83
1,245.1,168.5,83
1,245.1,168.5,83
1,245.1,168.5,82
1,245.1,168.5,82
1,245.1,168.5,82
1,245.1,168.5,82
1,245.1,168.5,82
1,245.1,168.5,82
1,245.1,168.5,82
1,245.0,168.5,82
1,245.0,168.5,82
1,245.0,168.5,82
1,245.0,168.5,82
1,245.0,168.5,82
1,245.0,168.5,82
1,245.0,168.5,82
1,245.0,168.5,82
1,245.0,168.5,82
1,244.9,168.5,82
1,244.9,168.5,82
1,244.9,168.5,82
1,244.9,168.5,82
1,244.9,168.5,82
1,244.9,168.5,82
1,244.9,168.5,82
1,244.9,168.5,82
1,244.9,168.5,82
1,244.9,168.5,82
1,244.8,168.5,82
1,244.8,168.5,82
1,244.8,168.6,81
1,244.8,168.6,81
1,244.8,168.6,81
1,244.8,168.6,81
1,244.8,168.6,81
1,244.8,168.6,81
1,244.8,168.6,81
1,244.8,168.6,81
1,244.8,168.6,81
1,244.7,168.6,81
1,244.7,168.6,81
1,244.7,168.6,81
1,244.7,168.6,81
1,244.7,168.6,81
1,244.7,168.6,81
1,244.7,168.6,81
1,244.7,168.6,81
1,244.7,168.6,81
1,244.7,168.6,81
1,244.6,168.6,81
1,244.6,168.6,81
1,244.6,168.6,81
1,244.6,168.6,81
1,244.6,168.6,81
1,244.6,168.6,81
1,244.6,168.6,81
1,244.6,168.6,81
1,244.6,168.6,81
1,244.6,168.6,81
1,244.5,168.6,81
1,244.5,168.6,81
1,244.5,168.6,81
1,244.5,168.6,81
1,244.5,168.7,81
1,244.5,168.7,80
1,244.5,168.7,80
1,244.5,168.7,80
1,244.5,168.7,80
1,244.4,168.7,80
1,244.4,168.7,80
1,244.4,168.7,80
1,244.4,168.7,80
1,244.4,168.7,80
1,244.4,168.7,80
1,244.4,168.7,80
1,244.4,168.7,80
1,244.4,168.7,80
1,244.4,168.7,80
1,244.3,168.7,80
1,244.3,168.7,80
1,244.3,168.7,80
1,244.3,168.7,80
1,244.3,168.7,80
1,244.3,168.7,80
1,244.3,168.7,80
1,244.3,168.7,80
1,244.3,168.7,80
1,244.3,168.7,80
1,244.2,168.7,80
1,244.2,168.7,80
1,244.2,168.7,80
1,244.2,168.7,80
1,244.2,168.7,80
1,244.2,168.7,80
1,244.2,168.7,80
1,244.2,168.7,80
1,244.2,168.7,80
1,244.2,168.8,80
1,244.2,168.8,80
1,244.1,168.8,80
1,244.1,168.8,80
1,244.1,168.8,80
1,244.1,168.8,80
1,244.1,168.8,80
1,244.1,168.8,80
1,244.1,168.8,80
1,244.1,168.8,80
1,244.1,168.8,80
1,244.1,168.8,80
1,244.0,168.8,80
1,244.0,168.8,80
1,244.0,168.8,80
1,244.0,168.8,80
1,244.0,168.8,80
1,244.0,168.8,80
1,244.0,168.8,80
1,244.0,168.8,80
1,244.0,168.8,80
1,243.9,168.8,80
1,243.9,168.8,80
1,243.9,168.8,80
1,243.9,168.8,80
1,243.9,168.8,80
1,243.9,168.8,80
1,243.9,168.8,80
1,243.9,168.8,80
1,243.9,168.8,80
1,243.9,168.8,80
1,243.8,168.8,80
1,243.8,168.8,80
1,243.8,168.9,80
1,243.8,168.9,80
1,243.8,168.9,80
1,243.8,168.9,80
1,243.8,168.9,80
1,243.8,168.9,80
1,243.8,168.9,80
1,243.8,168.9,80
1,243.8,168.9,80
1,243.7,168.9,80
1,243.7,168.9,80
1,243.7,168.9,80
1,243.7,168.9,80
1,243.7,168.9,80
1,243.7,168.9,80
1,243.7,168.9,80
1,243.7,168.9,80
1,243.7,168.9,80
1,243.7,168.9,80
1,243.6,168.9,80
1,243.6,168.9,80
1,243.6,168.9,80
1,243.6,168.9,80
1,243.6,168.9,80
1,243.6,168.9,80
1,243.6,168.9,80
1,243.6,168.9,80
1,243.6,168.9,80
1,243.6,168.9,80
1,243.5,168.9,80
1,243.5,168.9,80
1,243.5,168.9,80
1,243.5,168.9,80
1,243.5,168.9,80
1,243.5,169.0,80
1,243.5,169.0,80
1,243.5,169.0,80
1,243.5,169.0,80
1,243.4,169.0,80
1,243.4,169.0,80
1,243.4,169.0,80
1,243.4,169.0,80
1,243.4,169.0,80
1,243.4,169.0,80
1,243.4,169.0,80
1,243.4,169.0,80
1,243.4,169.0,80
1,243.4,169.0,80
1,243.3,169.0,80
1,243.3,169.0,80
1,243.3,169.0,80
1,243.3,169.0,80
1,243.3,169.0,80
1,243.3,169.0,80
1,243.3,169.0,80
1,243.3,169.0,80
1,243.3,169.0,80
1,243.3,169.0,80
1,243.2,169.0,80
1,243.2,169.0,80
1,243.2,169.0,80
1,243.2,169.0,80
1,243.2,169.0,80
1,243.2,169.0,80
1,243.2,169.0,80
1,243.2,169.0,80
1,243.2,169.0,80
1,243.2,169.1,80
1,243.2,169.1,80
1,243.1,169.1,80
1,243.1,169.1,80
1,243.1,169.1,80
1,243.1,169.1,80
1,243.1,169.1,80
1,243.1,169.1,80
1,243.1,169.1,80
1,243.1,169.1,80
1,243.1,169.1,80
1,243.1,169.1,80
1,243.0,169.1,80
1,243.0,169.1,80
1,243.0,169.1,80
1,243.0,169.1,80
1,243.0,169.1,80
1,243.0,169.1,80
1,243.0,169.1,80
1,243.0,169.1,80
1,243.0,169.1,80
1,242.9,169.1,81
1,242.9,169.1,81
1,242.9,169.1,81
1,242.9,169.1,81
1,242.9,169.1,81
1,242.9,169.1,81
1,242.9,169.1,81
1,242.9,169.1,81
1,242.9,169.1,81
1,242.9,169.1,81
1,242.8,169.1,81
1,242.8,169.1,81
1,242.8,169.2,81
1,242.8,169.2,81
1,242.8,169.2,81
1,242.8,169.2,81
1,242.8,169.2,81
1,242.8,169.2,81
1,242.8,169.2,81
1,242.8,169.2,81
1,242.8,169.2,81
1,242.7,169.2,81
1,242.7,169.2,81
1,242.7,169.2,81
1,242.7,169.2,81
1,242.7,169.2,81
1,242.7,169.2,81
1,242.7,169.2,81
1,242.7,169.2,81
1,242.7,169.2,81
1,242.7,169.2,81
1,242.6,169.2,81
1,242.6,169.2,81
1,242.6,169.2,81
1,242.6,169.2,82
1,242.6,169.2,82
1,242.6,169.2,82
1,242.6,169.2,82
1,242.6,169.2,82
1,242.6,169.2,82
1,242.6,169.2,82
1,242.5,169.2,82
1,242.5,169.2,82
1,242.5,169.2,82
1,242.5,169.2,82
1,242.5,169.2,82
1,242.5,169.3,82
1,242.5,169.3,82
1,242.5,169.3,82
1,242.5,169.3,82
1,242.4,169.3,82
1,242.4,169.3,82
1,242.4,169.3,82
1,242.4,169.3,82
1,242.4,169.3,82
1,242.4,169.3,82
1,242.4,169.3,82
1,242.4,169.3,82
1,242.4,169.3,82
1,242.4,169.3,82
1,242.3,169.3,82
1,242.3,169.3,82
1,242.3,169.3,83
1,242.3,169.3,83
1,242.3,169.3,83
1,242.3,169.3,83
1,242.3,169.3,83
1,242.3,169.3,83
1,242.3,169.3,83
1,242.3,169.3,83
1,242.2,169.3,83
1,242.2,169.3,83
1,242.2,169.3,83
1,242.2,169.3,83
1,242.2,169.3,83
1,242.2,169.3,83
1,242.2,169.3,83
1,242.2,169.3,83
1,242.2,169.3,83
1,242.2,169.4,83
1,242.2,169.4,83
1,242.1,169.4,83
1,242.1,169.4,83
1,242.1,169.4,83
1,242.1,169.4,83
1,242.1,169.4,83
1,242.1,169.4,83
1,242.1,169.4,84
1,242.1,169.4,84
1,242.1,169.4,84
1,242.1,169.4,84
1,242.0,169.4,84
1,242.0,169.4,84
1,242.0,169.4,84
1,242.0,169.4,84
1,242.0,169.4,84
1,242.0,169.4,84
1,242.0,169.4,84
1,242.0,169.4,84
1,242.0,169.4,84
1,241.9,169.4,84
1,241.9,169.4,84
1,241.9,169.4,84
1,241.9,169.4,84
1,241.9,169.4,84
1,241.9,169.4,84
1,241.9,169.4,84
1,241.9,169.4,84
1,241.9,169.4,84
1,241.9,169.4,84
1,241.8,169.4,84
1,241.8,169.4,85
1,241.8,169.5,85
1,241.8,169.5,85
1,241.8,169.5,85
1,241.8,169.5,85
1,241.8,169.5,85
1,241.8,169.5,85
1,241.8,169.5,85
1,241.8,169.5,85
1,241.8,169.5,85
1,241.7,169.5,85
1,241.7,169.5,85
1,241.7,169.5,85
1,241.7,169.5,85
1,241.7,169.5,85
1,241.7,169.5,85
1,241.7,169.5,85
1,241.7,169.5,85
1,241.7,169.5,85
1,241.7,169.5,85
1,241.6,169.5,85
1,241.6,169.5,85
1,241.6,169.5,85
1,241.6,169.5,85
1,241.6,169.5,85
1,241.6,169.5,86
1,241.6,169.5,86
1,241.6,169.5,86
1,241.6,169.5,86
1,241.6,169.5,86
1,241.5,169.5,86
1,241.5,169.5,86
1,241.5,169.5,86
1,241.5,169.5,86
1,241.5,169.6,86
1,241.5,169.6,86
1,241.5,169.6,86
1,241.5,169.6,86
1,241.5,169.6,86
1,241.4,169.6,86
1,241.4,169.6,86
1,241.4,169.6,86
1,241.4,169.6,86
1,241.4,169.6,86
1,241.4,169.6,86
1,241.4,169.6,86
1,241.4,169.6,86
1,241.4,169.6,86
1,241.4,169.6,86
1,241.3,169.6,86
1,241.3,169.6,87
1,241.3,169.6,87
1,241.3,169.6,87
1,241.3,169.6,87
1,241.3,169.6,87
1,241.3,169.6,87
1,241.3,169.6,87
1,241.3,169.6,87
1,241.3,169.6,87
1,241.2,169.6,87
1,241.2,169.6,87
1,241.2,169.6,87
1,241.2,169.6,87
1,241.2,169.6,87
1,241.2,169.6,87
1,241.2,169.6,87
1,241.2,169.6,87
1,241.2,169.6,87
1,241.2,169.7,87
1,241.2,169.7,87
1,241.1,169.7,87
1,241.1,169.7,87
1,241.1,169.7,87
1,241.1,169.7,87
1,241.1,169.7,87
1,241.1,169.7,87
1,241.1,169.7,87
1,241.1,169.7,87
1,241.1,169.7,88
1,241.1,169.7,88
1,241.0,169.7,88
1,241.0,169.7,88
1,241.0,169.7,88
1,241.0,169.7,88
1,241.0,169.7,88
1,241.0,169.7,88
1,241.0,169.7,88
1,241.0,169.7,88
1,241.0,169.7,88
1,240.9,169.7,88
1,240.9,169.7,88
1,240.9,169.7,88
1,240.9,169.7,88
1,240.9,169.7,88
1,240.9,169.7,88
1,240.9,169.7,88
1,240.9,169.7,88
1,240.9,169.7,88
1,240.9,169.7,88
1,240.8,169.7,88
1,240.8,169.7,88
1,240.8,169.8,88
1,240.8,169.8,88
1,240.8,169.8,88
1,240.8,169.8,88
1,240.8,169.8,88
1,240.8,169.8,88
1,240.8,169.8,88
1,240.8,169.8,88
1,240.8,169.8,88
1,240.7,169.8,88
1,240.7,169.8,88
1,240.7,169.8,89
1,240.7,169.8,89
1,240.7,169.8,89
1,240.7,169.8,89
1,240.7,169.8,89
1,240.7,169.8,89
1,240.7,169.8,89
1,240.7,169.8,89
1,240.6,169.8,89
1,240.6,169.8,89
1,240.6,169.8,89
1,240.6,169.8,89
1,240.6,169.8,89
1,240.6,169.8,89
1,240.6,169.8,89
1,240.6,169.8,89
1,240.6,169.8,89
1,240.6,169.8,89
1,240.5,169.8,89
1,240.5,169.8,89
1,240.5,169.8,89
1,240.5,169.8,89
1,240.5,169.8,89
1,240.5,169.9,89
1,240.5,169.9,89
1,240.5,169.9,89
1,240.5,169.9,89
1,240.4,169.9,89
1,240.4,169.9,89
1,240.4,169.9,89
1,240.4,169.9,89
1,240.4,169.9,89
1,240.4,169.9,89
1,240.4,169.9,89
1,240.4,169.9,89
1,240.4,169.9,89
1,240.4,169.9,89
1,240.3,169.9,89
1,240.3,169.9,89
1,240.3,169.9,89
1,240.3,169.9,89
1,240.3,169.9,89
1,240.3,169.9,89
1,240.3,169.9,89
1,240.3,169.9,89
1,240.3,169.9,89
1,240.3,169.9,89
1,240.2,169.9,89
1,240.2,169.9,89
1,240.2,169.9,89
1,240.2,169.9,89
1,240.2,169.9,89
1,240.2,169.9,89
1,240.2,169.9,89
1,240.2,169.9,89
1,240.2,169.9,89
1,240.2,170.0,89
1,240.2,170.0,89
1,240.1,170.0,89
1,240.1,170.0,89
1,240.1,170.0,89
1,240.1,170.0,89
1,240.1,170.0,89
1,240.1,170.0,89
1,240.1,170.0,89
1,240.1,170.0,89
1,240.1,170.0,89
1,240.1,170.0,89
1,240.0,170.0,89
1,240.0,170.0,89
1,240.0,170.0,89
1,240.0,170.0,89
1,240.0,170.0,89
1,240.0,170.0,89
1,240.0,170.0,89
1,240.0,170.0,89
1,240.0,170.0,89
1,239.9,170.0,89
1,239.9,170.0,89
1,239.9,170.0,89
1,239.9,170.0,89
1,239.9,170.0,89
1,239.9,170.0,89
1,239.9,170.0,89
1,239.9,170.0,89
1,239.9,170.0,89
1,239.9,170.0,89
1,239.8,170.0,89
1,239.8,170.0,89
1,239.8,170.1,89
1,239.8,170.1,89
1,239.8,170.1,89
1,239.8,170.1,89
1,239.8,170.1,89
1,239.8,170.1,89
1,239.8,170.1,89
1,239.8,170.1,89
1,239.8,170.1,89
1,239.7,170.1,89
1,239.7,170.1,89
1,239.7,170.1,89
1,239.7,170.1,89
1,239.7,170.1,89
1,239.7,170.1,89
1,239.7,170.1,89
1,239.7,170.1,89
1,239.7,170.1,89
1,239.7,170.1,89
1,239.6,170.1,89
1,239.6,170.1,89
1,239.6,170.1,89
1,239.6,170.1,89
1,239.6,170.1,89
1,239.6,170.1,89
1,239.6,170.1,89
1,239.6,170.1,89
1,239.6,170.1,89
1,239.6,170.1,89
1,239.5,170.1,89
1,239.5,170.1,89
1,239.5,170.1,89
1,239.5,170.1,89
1,239.5,170.2,89
1,239.5,170.2,89
1,239.5,170.2,89
1,239.5,170.2,89
1,239.5,170.2,89
1,239.4,170.2,89
1,239.4,170.2,89
1,239.4,170.2,89
1,239.4,170.2,89
1,239.4,170.2,89
1,239.4,170.2,89
1,239.4,170.2,89
1,239.4,170.2,89
1,239.4,170.2,89
1,239.4,170.2,89
1,239.3,170.2,89
1,239.3,170.2,89
1,239.3,170.2,89
1,239.3,170.2,89
1,239.3,170.2,89
1,239.3,170.2,89
1,239.3,170.2,89
1,239.3,170.2,89
1,239.3,170.2,89
1,239.3,170.2,89
1,239.2,170.2,89
1,239.2,170.2,89
1,239.2,170.2,89
1,239.2,170.2,89
1,239.2,170.2,89
1,239.2,170.2,89
1,239.2,170.2,89
1,239.2,170.2,88
1,239.2,170.2,88
1,239.2,170.3,88
1,239.2,170.3,88
1,239.1,170.3,88
1,239.1,170.3,88
1,239.1,170.3,88
1,239.1,170.3,88
1,239.1,170.3,88
1,239.1,170.3,88
1,239.1,170.3,88
1,239.1,170.3,88
1,239.1,170.3,88
1,239.1,170.3,88
1,239.0,170.3,88
1,239.0,170.3,88
1,239.0,170.3,88
1,239.0,170.3,88
1,239.0,170.3,88
1,239.0,170.3,88
1,239.0,170.3,88
1,239.0,170.3,88
1,239.0,170.3,88
1,238.9,170.3,88
1,238.9,170.3,88
1,238.9,170.3,88
1,238.9,170.3,88
1,238.9,170.3,88
1,238.9,170.3,88
1,238.9,170.3,88
1,238.9,170.3,88
1,238.9,170.3,88
1,238.9,170.3,88
1,238.8,170.3,88
1,238.8,170.3,87
1,238.8,170.4,87
1,238.8,170.4,87
1,238.8,170.4,87
1,238.8,170.4,87
1,238.8,170.4,87
1,238.8,170.4,87
1,238.8,170.4,87
1,238.8,170.4,87
1,238.8,170.4,87
1,238.7,170.4,87
1,238.7,170.4,87
1,238.7,170.4,87
1,238.7,170.4,87
1,238.7,170.4,87
1,238.7,170.4,87
1,238.7,170.4,87
1,238.7,170.4,87
1,238.7,170.4,87
1,238.7,170.4,87
1,238.6,170.4,87
1,238.6,170.4,87
1,238.6,170.4,87
1,238.6,170.4,87
1,238.6,170.4,87
1,238.6,170.4,87
1,238.6,170.4,87
1,238.6,170.4,87
1,238.6,170.4,86
1,238.6,170.4,86
1,238.5,170.4,86
1,238.5,170.4,86
1,238.5,170.4,86
1,238.5,170.4,86
1,238.5,170.4,86
1,238.5,170.5,86
1,238.5,170.5,86
1,238.5,170.5,86
1,238.5,170.5,86
1,238.4,170.5,86
1,238.4,170.5,86
1,238.4,170.5,86
1,238.4,170.5,86
1,238.4,170.5,86
1,238.4,170.5,86
1,238.4,170.5,86
1,238.4,170.5,86
1,238.4,170.5,86
1,238.4,170.5,86
1,238.3,170.5,86
1,238.3,170.5,86
1,238.3,170.5,86
1,238.3,170.5,86
1,238.3,170.5,85
1,238.3,170.5,85
1,238.3,170.5,85
1,238.3,170.5,85
1,238.3,170.5,85
1,238.3,170.5,85
1,238.2,170.5,85
1,238.2,170.5,85
1,238.2,170.5,85
1,238.2,170.5,85
1,238.2,170.5,85
1,238.2,170.5,85
1,238.2,170.5,85
1,238.2,170.5,85
1,238.2,170.5,85
1,238.2,170.6,85
1,238.2,170.6,85
1,238.1,170.6,85
1,238.1,170.6,85
1,238.1,170.6,85
1,238.1,170.6,85
1,238.1,170.6,85
1,238.1,170.6,85
1,238.1,170.6,85
1,238.1,170.6,84
1,238.1,170.6,84
1,238.1,170.6,84
1,238.0,170.6,84
1,238.0,170.6,84
1,238.0,170.6,84
1,238.0,170.6,84
1,238.0,170.6,84
1,238.0,170.6,84
1,238.0,170.6,84
1,238.0,170.6,84
1,238.0,170.6,84
1,237.9,170.6,84
1,237.9,170.6,84
1,237.9,170.6,84
1,237.9,170.6,84
1,237.9,170.6,84
1,237.9,170.6,84
1,237.9,170.6,84
1,237.9,170.6,84
1,237.9,170.6,84
1,237.9,170.6,84
1,237.8,170.6,84
1,237.8,170.6,84
1,237.8,170.7,84
1,237.8,170.7,83
1,237.8,170.7,83
1,237.8,170.7,83
1,237.8,170.7,83
1,237.8,170.7,83
1,237.8,170.7,83
1,237.8,170.7,83
1,237.8,170.7,83
1,237.7,170.7,83
1,237.7,170.7,83
1,237.7,170.7,83
1,237.7,170.7,83
1,237.7,170.7,83
1,237.7,170.7,83
1,237.7,170.7,83
1,237.7,170.7,83
1,237.7,170.7,83
1,237.7,170.7,83
1,237.6,170.7,83
1,237.6,170.7,83
1,237.6,170.7,83
1,237.6,170.7,83
1,237.6,170.7,83
1,237.6,170.7,83
1,237.6,170.7,83
1,237.6,170.7,82
1,237.6,170.7,82
1,237.6,170.7,82
1,237.5,170.7,82
1,237.5,170.7,82
1,237.5,170.7,82
1,237.5,170.7,82
1,237.5,170.8,82
1,237.5,170.8,82
1,237.5,170.8,82
1,237.5,170.8,82
1,237.5,170.8,82
1,237.4,170.8,82
1,237.4,170.8,82
1,237.4,170.8,82
1,237.4,170.8,82
1,237.4,170.8,82
1,237.4,170.8,82
1,237.4,170.8,82
1,237.4,170.8,82
1,237.4,170.8,82
1,237.4,170.8,82
1,237.3,170.8,82
1,237.3,170.8,82
1,237.3,170.8,82
1,237.3,170.8,82
1,237.3,170.8,82
1,237.3,170.8,82
1,237.3,170.8,81
1,237.3,170.8,81
1,237.3,170.8,81
1,237.3,170.8,81
1,237.2,170.8,81
1,237.2,170.8,81
1,237.2,170.8,81
1,237.2,170.8,81
1,237.2,170.8,81
1,237.2,170.8,81
1,237.2,170.8,81
1,237.2,170.8,81
1,237.2,170.8,81
1,237.2,170.9,81
1,237.2,170.9,81
1,237.1,170.9,81
1,237.1,170.9,81
1,237.1,170.9,81
1,237.1,170.9,81
1,237.1,170.9,81
1,237.1,170.9,81
1,237.1,170.9,81
1,237.1,170.9,81
1,237.1,170.9,81
1,237.1,170.9,81
1,237.0,170.9,81
1,237.0,170.9,81
1,237.0,170.9,81
1,237.0,170.9,81
1,237.0,170.9,81
1,237.0,170.9,81
1,237.0,170.9,81
1,237.0,170.9,81
1,237.0,170.9,81
1,236.9,170.9,80
1,236.9,170.9,80
1,236.9,170.9,80
1,236.9,170.9,80
1,236.9,170.9,80
1,236.9,170.9,80
1,236.9,170.9,80
1,236.9,170.9,80
1,236.9,170.9,80
1,236.9,170.9,80
1,236.8,170.9,80
1,236.8,170.9,80
1,236.8,171.0,80
1,236.8,171.0,80
1,236.8,171.0,80
1,236.8,171.0,80
1,236.8,171.0,80
1,236.8,171.0,80
1,236.8,171.0,80
1,236.8,171.0,80
1,236.8,171.0,80
1,236.7,171.0,80
1,236.7,171.0,80
1,236.7,171.0,80
1,236.7,171.0,80
1,236.7,171.0,80
1,236.7,171.0,80
1,236.7,171.0,80
1,236.7,171.0,80
1,236.7,171.0,80
1,236.7,171.0,80
1,236.6,171.0,80
1,236.6,171.0,80
1,236.6,171.0,80
1,236.6,171.0,80
1,236.6,171.0,80
1,236.6,171.0,80
1,236.6,171.0,80
1,236.6,171.0,80
1,236.6,171.0,80
1,236.6,171.0,80
1,236.5,171.0,80
1,236.5,171.0,80
1,236.5,171.0,80
1,236.5,171.0,80
1,236.5,171.1,80
1,236.5,171.1,80
1,236.5,171.1,80
1,236.5,171.1,80
1,236.5,171.1,80
1,236.4,171.1,80
1,236.4,171.1,80
1,236.4,171.1,80
1,236.4,171.1,80
1,236.4,171.1,80
1,236.4,171.1,80
1,236.4,171.1,80
1,236.4,171.1,80
1,236.4,171.1,80
1,236.4,171.1,80
1,236.3,171.1,80
1,236.3,171.1,80
1,236.3,171.1,80
1,236.3,171.1,80
1,236.3,171.1,80
1,236.3,171.1,80
1,236.3,171.1,80
1,236.3,171.1,80
1,236.3,171.1,80
1,236.3,171.1,80
1,236.2,171.1,80
1,236.2,171.1,80
1,236.2,171.1,80
1,236.2,171.1,80
1,236.2,171.1,80
1,236.2,171.1,80
1,236.2,171.1,80
1,236.2,171.1,80
1,236.2,171.1,80
1,236.2,171.2,80
1,236.2,171.2,80
1,236.1,171.2,80
1,236.1,171.2,80
1,236.1,171.2,80
1,236.1,171.2,80
1,236.1,171.2,80
1,236.1,171.2,80
1,236.1,171.2,80
1,236.1,171.2,80
1,236.1,171.2,80
1,236.1,171.2,80
1,236.0,171.2,80
1,236.0,171.2,80
1,236.0,171.2,80
1,236.0,171.2,80
1,236.0,171.2,80
